HORA,ESTRATEGIA,ACTIVO,RUTA,SPREAD_RAW,PNL_EST,ETAPA,ESTADO,DETALLE
14:22:52.269,SPATIAL_SIMPLE,COIN40,bybit->mexc,1,4465%,0,0000,RADAR,CANDIDATO,Pasa filtro de spread bruto
14:22:52.259,SPATIAL_SIMPLE,COIN20,binance->kucoin,1,6047%,0,0000,RADAR,CANDIDATO,Pasa filtro de spread bruto
14:22:52.247,SPATIAL_SIMPLE,COIN9,gateio->okx,3,9729%,0,0000,RADAR,CANDIDATO,Pasa filtro de spread bruto
14:22:52.270,SPATIAL_SIMPLE,COIN42,bybit->kraken,1,4102%,0,0000,RADAR,CANDIDATO,Pasa filtro de spread bruto
14:22:52.270,SPATIAL_SIMPLE,COIN41,kraken->huobi,1,2367%,0,0000,RADAR,CANDIDATO,Pasa filtro de spread bruto
14:22:52.247,SPATIAL_SIMPLE,COIN15,okx->binance,4,0196%,0,0000,RADAR,CANDIDATO,Pasa filtro de spread bruto
14:22:52.273,SPATIAL_SIMPLE,COIN46,mexc->kraken,3,9029%,0,0000,RADAR,CANDIDATO,Pasa filtro de spread bruto
14:22:52.241,SPATIAL_SIMPLE,COIN6,kucoin->mexc,1,3129%,0,0000,RADAR,CANDIDATO,Pasa filtro de spread bruto
14:22:52.275,Spatial-Adaptive-v2.0,COIN9,mexc->kraken,0,6863%,0,0000,RADAR,CANDIDATO,Detectado por Adaptive Logic
14:22:52.275,Spatial-Adaptive-v2.0,COIN46,mexc->kraken,3,9029%,0,0000,RADAR,CANDIDATO,Detectado por Adaptive Logic
14:22:52.275,Spatial-Adaptive-v2.0,COIN20,kraken->mexc,0,7332%,0,0000,RADAR,CANDIDATO,Detectado por Adaptive Logic
14:22:52.275,Spatial-Adaptive-v2.0,COIN15,kraken->mexc,1,5458%,0,0000,RADAR,CANDIDATO,Detectado por Adaptive Logic
14:22:52.275,Spatial-Adaptive-v2.0,COIN6,kraken->mexc,0,7461%,0,0000,RADAR,CANDIDATO,Detectado por Adaptive Logic
14:22:52.275,Spatial-Adaptive-v2.0,COIN40,kraken->mexc,1,2868%,0,0000,RADAR,CANDIDATO,Detectado por Adaptive Logic
14:22:52.276,Spatial-Adaptive-v2.0,COIN9,gateio->mexc,0,7261%,0,0000,RADAR,CANDIDATO,Detectado por Adaptive Logic
14:22:52.276,Spatial-Adaptive-v2.0,COIN20,mexc->gateio,0,4677%,0,0000,RADAR,CANDIDATO,Detectado por Adaptive Logic
14:22:52.276,Spatial-Adaptive-v2.0,COIN40,gateio->mexc,0,7279%,0,0000,RADAR,CANDIDATO,Detectado por Adaptive Logic
14:22:52.276,Spatial-Adaptive-v2.0,COIN6,gateio->mexc,0,7149%,0,0000,RADAR,CANDIDATO,Detectado por Adaptive Logic
14:22:52.276,Spatial-Adaptive-v2.0,COIN15,gateio->mexc,0,8083%,0,0000,RADAR,CANDIDATO,Detectado por Adaptive Logic
14:22:52.247,SPATIAL_SIMPLE,COIN18,binance->mexc,1,2245%,0,0000,RADAR,CANDIDATO,Pasa filtro de spread bruto
14:22:52.276,Spatial-Adaptive-v2.0,COIN9,mexc->huobi,0,8743%,0,0000,RADAR,CANDIDATO,Detectado por Adaptive Logic
14:22:52.275,Spatial-Adaptive-v2.0,COIN41,kraken->mexc,0,1398%,0,0000,RADAR,CANDIDATO,Detectado por Adaptive Logic
14:22:52.276,Spatial-Adaptive-v2.0,COIN20,huobi->mexc,0,9429%,0,0000,RADAR,CANDIDATO,Detectado por Adaptive Logic
14:22:52.276,Spatial-Adaptive-v2.0,COIN6,huobi->mexc,1,0930%,0,0000,RADAR,CANDIDATO,Detectado por Adaptive Logic
14:22:52.276,Spatial-Adaptive-v2.0,COIN9,mexc->bybit,1,0787%,0,0000,RADAR,CANDIDATO,Detectado por Adaptive Logic
14:22:52.276,Spatial-Adaptive-v2.0,COIN15,huobi->mexc,0,7360%,0,0000,RADAR,CANDIDATO,Detectado por Adaptive Logic
14:22:52.276,Spatial-Adaptive-v2.0,COIN20,bybit->mexc,0,4852%,0,0000,RADAR,CANDIDATO,Detectado por Adaptive Logic
14:22:52.276,Spatial-Adaptive-v2.0,COIN6,bybit->mexc,1,2368%,0,0000,RADAR,CANDIDATO,Detectado por Adaptive Logic
14:22:52.276,Spatial-Adaptive-v2.0,COIN41,mexc->gateio,0,6057%,0,0000,RADAR,CANDIDATO,Detectado por Adaptive Logic
14:22:52.241,SPATIAL_SIMPLE,COIN4,huobi->binance,1,4715%,0,0000,RADAR,CANDIDATO,Pasa filtro de spread bruto
14:22:52.276,Spatial-Adaptive-v2.0,COIN9,mexc->binance,0,8105%,0,0000,RADAR,CANDIDATO,Detectado por Adaptive Logic
14:22:52.276,Spatial-Adaptive-v2.0,COIN15,bybit->mexc,1,3555%,0,0000,RADAR,CANDIDATO,Detectado por Adaptive Logic
14:22:52.276,Spatial-Adaptive-v2.0,COIN41,mexc->huobi,1,0953%,0,0000,RADAR,CANDIDATO,Detectado por Adaptive Logic
14:22:52.276,Spatial-Adaptive-v2.0,COIN6,binance->mexc,1,0808%,0,0000,RADAR,CANDIDATO,Detectado por Adaptive Logic
14:22:52.276,Spatial-Adaptive-v2.0,COIN20,binance->mexc,0,9835%,0,0000,RADAR,CANDIDATO,Detectado por Adaptive Logic
14:22:52.276,Spatial-Adaptive-v2.0,COIN9,mexc->okx,3,2234%,0,0000,RADAR,CANDIDATO,Detectado por Adaptive Logic
14:22:52.276,Spatial-Adaptive-v2.0,COIN15,mexc->binance,2,1657%,0,0000,RADAR,CANDIDATO,Detectado por Adaptive Logic
14:22:52.276,Spatial-Adaptive-v2.0,COIN20,okx->mexc,0,5652%,0,0000,RADAR,CANDIDATO,Detectado por Adaptive Logic
14:22:52.276,Spatial-Adaptive-v2.0,COIN6,okx->mexc,0,3004%,0,0000,RADAR,CANDIDATO,Detectado por Adaptive Logic
14:22:52.260,SPATIAL_SIMPLE,COIN22,binance->bybit,0,9145%,0,0000,RADAR,CANDIDATO,Pasa filtro de spread bruto
14:22:52.277,Spatial-Adaptive-v2.0,COIN9,mexc->kucoin,0,8745%,0,0000,RADAR,CANDIDATO,Detectado por Adaptive Logic
14:22:52.277,Spatial-Adaptive-v2.0,COIN20,mexc->kucoin,0,6152%,0,0000,RADAR,CANDIDATO,Detectado por Adaptive Logic
14:22:52.277,Spatial-Adaptive-v2.0,COIN6,kucoin->mexc,1,3129%,0,0000,RADAR,CANDIDATO,Detectado por Adaptive Logic
14:22:52.241,SPATIAL_SIMPLE,COIN7,bybit->gateio,3,8071%,0,0000,RADAR,CANDIDATO,Pasa filtro de spread bruto
14:22:52.277,SPATIAL_SIMPLE,COIN43,kraken->okx,0,8381%,0,0000,RADAR,CANDIDATO,Pasa filtro de spread bruto
14:22:52.277,Spatial-Adaptive-v2.0,COIN22,mexc->kraken,0,4366%,0,0000,RADAR,CANDIDATO,Detectado por Adaptive Logic
14:22:52.277,Spatial-Adaptive-v2.0,COIN9,gateio->kraken,1,4174%,0,0000,RADAR,CANDIDATO,Detectado por Adaptive Logic
14:22:52.277,Spatial-Adaptive-v2.0,COIN20,kraken->gateio,1,2043%,0,0000,RADAR,CANDIDATO,Detectado por Adaptive Logic
14:22:52.277,Spatial-Adaptive-v2.0,COIN43,kraken->mexc,0,1613%,0,0000,RADAR,CANDIDATO,Detectado por Adaptive Logic
14:22:52.277,Spatial-Adaptive-v2.0,COIN7,kraken->mexc,0,7552%,0,0000,RADAR,CANDIDATO,Detectado por Adaptive Logic
14:22:52.277,Spatial-Adaptive-v2.0,COIN6,kraken->gateio,0,0310%,0,0000,RADAR,RECHAZADO,Spread menor a umbral adaptativo
14:22:52.277,Spatial-Adaptive-v2.0,COIN20,huobi->kraken,0,2082%,0,0000,RADAR,CANDIDATO,Detectado por Adaptive Logic
14:22:52.277,Spatial-Adaptive-v2.0,COIN9,kraken->huobi,0,1867%,0,0000,RADAR,CANDIDATO,Detectado por Adaptive Logic
14:22:52.277,Spatial-Adaptive-v2.0,COIN7,mexc->gateio,2,1819%,0,0000,RADAR,CANDIDATO,Detectado por Adaptive Logic
14:22:52.277,Spatial-Adaptive-v2.0,COIN6,huobi->kraken,0,3443%,0,0000,RADAR,CANDIDATO,Detectado por Adaptive Logic
14:22:52.276,Spatial-Adaptive-v2.0,COIN46,mexc->gateio,1,2228%,0,0000,RADAR,CANDIDATO,Detectado por Adaptive Logic
14:22:52.277,Spatial-Adaptive-v2.0,COIN22,gateio->mexc,0,0540%,0,0000,RADAR,CANDIDATO,Detectado por Adaptive Logic
14:22:52.277,Spatial-Adaptive-v2.0,COIN20,kraken->bybit,0,2468%,0,0000,RADAR,CANDIDATO,Detectado por Adaptive Logic
14:22:52.277,Spatial-Adaptive-v2.0,COIN7,huobi->mexc,1,1959%,0,0000,RADAR,CANDIDATO,Detectado por Adaptive Logic
14:22:52.277,Spatial-Adaptive-v2.0,COIN46,mexc->huobi,0,4921%,0,0000,RADAR,CANDIDATO,Detectado por Adaptive Logic
14:22:52.277,Spatial-Adaptive-v2.0,COIN22,huobi->mexc,0,2398%,0,0000,RADAR,CANDIDATO,Detectado por Adaptive Logic
14:22:52.278,Spatial-Adaptive-v2.0,COIN7,bybit->mexc,1,5906%,0,0000,RADAR,CANDIDATO,Detectado por Adaptive Logic
14:22:52.278,Spatial-Adaptive-v2.0,COIN46,mexc->bybit,1,0521%,0,0000,RADAR,CANDIDATO,Detectado por Adaptive Logic
14:22:52.277,Spatial-Adaptive-v2.0,COIN6,bybit->kraken,0,4871%,0,0000,RADAR,CANDIDATO,Detectado por Adaptive Logic
14:22:52.278,Spatial-Adaptive-v2.0,COIN7,binance->mexc,0,1247%,0,0000,RADAR,CANDIDATO,Detectado por Adaptive Logic
14:22:52.278,Spatial-Adaptive-v2.0,COIN46,mexc->binance,0,2679%,0,0000,RADAR,CANDIDATO,Detectado por Adaptive Logic
14:22:52.277,Spatial-Adaptive-v2.0,COIN20,binance->kraken,0,2485%,0,0000,RADAR,CANDIDATO,Detectado por Adaptive Logic
14:22:52.275,Spatial-Adaptive-v2.0,COIN42,mexc->kraken,0,3202%,0,0000,RADAR,CANDIDATO,Detectado por Adaptive Logic
14:22:52.278,Spatial-Adaptive-v2.0,COIN7,okx->mexc,1,0784%,0,0000,RADAR,CANDIDATO,Detectado por Adaptive Logic
14:22:52.278,Spatial-Adaptive-v2.0,COIN6,binance->kraken,0,3323%,0,0000,RADAR,CANDIDATO,Detectado por Adaptive Logic
14:22:52.276,Spatial-Adaptive-v2.0,COIN40,huobi->mexc,1,0756%,0,0000,RADAR,CANDIDATO,Detectado por Adaptive Logic
14:22:52.278,Spatial-Adaptive-v2.0,COIN20,kraken->okx,0,1671%,0,0000,RADAR,CANDIDATO,Detectado por Adaptive Logic
14:22:52.277,Spatial-Adaptive-v2.0,COIN9,kraken->bybit,0,3897%,0,0000,RADAR,CANDIDATO,Detectado por Adaptive Logic
14:22:52.278,Spatial-Adaptive-v2.0,COIN42,gateio->mexc,0,6709%,0,0000,RADAR,CANDIDATO,Detectado por Adaptive Logic
14:22:52.278,Spatial-Adaptive-v2.0,COIN7,kucoin->mexc,1,4891%,0,0000,RADAR,CANDIDATO,Detectado por Adaptive Logic
14:22:52.278,Spatial-Adaptive-v2.0,COIN6,kraken->okx,0,4443%,0,0000,RADAR,CANDIDATO,Detectado por Adaptive Logic
14:22:52.278,Spatial-Adaptive-v2.0,COIN20,kraken->kucoin,1,3529%,0,0000,RADAR,CANDIDATO,Detectado por Adaptive Logic
14:22:52.278,Spatial-Adaptive-v2.0,COIN42,huobi->mexc,0,7177%,0,0000,RADAR,CANDIDATO,Detectado por Adaptive Logic
14:22:52.278,Spatial-Adaptive-v2.0,COIN6,kucoin->kraken,0,5626%,0,0000,RADAR,CANDIDATO,Detectado por Adaptive Logic
14:22:52.279,Spatial-Adaptive-v2.0,COIN20,huobi->gateio,1,4149%,0,0000,RADAR,CANDIDATO,Detectado por Adaptive Logic
14:22:52.279,Spatial-Adaptive-v2.0,COIN42,bybit->mexc,1,0865%,0,0000,RADAR,CANDIDATO,Detectado por Adaptive Logic
14:22:52.278,Spatial-Adaptive-v2.0,COIN9,kraken->binance,0,1233%,0,0000,RADAR,CANDIDATO,Detectado por Adaptive Logic
14:22:52.278,Spatial-Adaptive-v2.0,COIN22,mexc->bybit,0,6691%,0,0000,RADAR,CANDIDATO,Detectado por Adaptive Logic
14:22:52.279,Spatial-Adaptive-v2.0,COIN20,bybit->gateio,0,9551%,0,0000,RADAR,CANDIDATO,Detectado por Adaptive Logic
14:22:52.279,Spatial-Adaptive-v2.0,COIN42,binance->mexc,0,7975%,0,0000,RADAR,CANDIDATO,Detectado por Adaptive Logic
14:22:52.279,Spatial-Adaptive-v2.0,COIN9,kraken->okx,2,5198%,0,0000,RADAR,CANDIDATO,Detectado por Adaptive Logic
14:22:52.279,Spatial-Adaptive-v2.0,COIN22,binance->mexc,0,2438%,0,0000,RADAR,CANDIDATO,Detectado por Adaptive Logic
14:22:52.279,Spatial-Adaptive-v2.0,COIN42,okx->mexc,1,0421%,0,0000,RADAR,CANDIDATO,Detectado por Adaptive Logic
14:22:52.279,Spatial-Adaptive-v2.0,COIN20,binance->gateio,1,4558%,0,0000,RADAR,CANDIDATO,Detectado por Adaptive Logic
14:22:52.279,Spatial-Adaptive-v2.0,COIN22,mexc->okx,0,1949%,0,0000,RADAR,CANDIDATO,Detectado por Adaptive Logic
14:22:52.279,Spatial-Adaptive-v2.0,COIN9,kraken->kucoin,0,1869%,0,0000,RADAR,CANDIDATO,Detectado por Adaptive Logic
14:22:52.279,Spatial-Adaptive-v2.0,COIN20,okx->gateio,1,0355%,0,0000,RADAR,CANDIDATO,Detectado por Adaptive Logic
14:22:52.279,Spatial-Adaptive-v2.0,COIN42,kucoin->mexc,0,9320%,0,0000,RADAR,CANDIDATO,Detectado por Adaptive Logic
14:22:52.279,Spatial-Adaptive-v2.0,COIN22,mexc->kucoin,0,4001%,0,0000,RADAR,CANDIDATO,Detectado por Adaptive Logic
14:22:52.278,Spatial-Adaptive-v2.0,COIN40,bybit->mexc,1,4465%,0,0000,RADAR,CANDIDATO,Detectado por Adaptive Logic
14:22:52.280,Spatial-Adaptive-v2.0,COIN42,gateio->kraken,0,9933%,0,0000,RADAR,CANDIDATO,Detectado por Adaptive Logic
14:22:52.278,Spatial-Adaptive-v2.0,COIN7,kraken->gateio,2,9536%,0,0000,RADAR,CANDIDATO,Detectado por Adaptive Logic
14:22:52.280,Spatial-Adaptive-v2.0,COIN22,gateio->kraken,0,4908%,0,0000,RADAR,CANDIDATO,Detectado por Adaptive Logic
14:22:52.279,Spatial-Adaptive-v2.0,COIN20,gateio->kucoin,0,1468%,0,0000,RADAR,CANDIDATO,Detectado por Adaptive Logic
14:22:52.280,Spatial-Adaptive-v2.0,COIN42,huobi->kraken,1,0402%,0,0000,RADAR,CANDIDATO,Detectado por Adaptive Logic
14:22:52.280,Spatial-Adaptive-v2.0,COIN7,huobi->kraken,0,4373%,0,0000,RADAR,CANDIDATO,Detectado por Adaptive Logic
14:22:52.280,Spatial-Adaptive-v2.0,COIN22,huobi->kraken,0,6774%,0,0000,RADAR,CANDIDATO,Detectado por Adaptive Logic
14:22:52.280,Spatial-Adaptive-v2.0,COIN42,bybit->kraken,1,4102%,0,0000,RADAR,CANDIDATO,Detectado por Adaptive Logic
14:22:52.280,Spatial-Adaptive-v2.0,COIN20,huobi->bybit,0,4555%,0,0000,RADAR,CANDIDATO,Detectado por Adaptive Logic
14:22:52.280,Spatial-Adaptive-v2.0,COIN22,kraken->bybit,0,2315%,0,0000,RADAR,CANDIDATO,Detectado por Adaptive Logic
14:22:52.280,Spatial-Adaptive-v2.0,COIN42,binance->kraken,1,1203%,0,0000,RADAR,CANDIDATO,Detectado por Adaptive Logic
14:22:52.280,Spatial-Adaptive-v2.0,COIN40,binance->mexc,0,4284%,0,0000,RADAR,CANDIDATO,Detectado por Adaptive Logic
14:22:52.279,Spatial-Adaptive-v2.0,COIN6,huobi->gateio,0,3755%,0,0000,RADAR,CANDIDATO,Detectado por Adaptive Logic
14:22:52.280,SPATIAL_SIMPLE,COIN44,bybit->mexc,1,5024%,0,0000,RADAR,CANDIDATO,Pasa filtro de spread bruto
14:22:52.281,Spatial-Adaptive-v2.0,COIN44,kraken->mexc,0,1828%,0,0000,RADAR,CANDIDATO,Detectado por Adaptive Logic
14:22:52.281,Spatial-Adaptive-v2.0,COIN6,bybit->gateio,0,5182%,0,0000,RADAR,CANDIDATO,Detectado por Adaptive Logic
14:22:52.282,Spatial-Adaptive-v2.0,COIN44,gateio->mexc,1,0981%,0,0000,RADAR,CANDIDATO,Detectado por Adaptive Logic
14:22:52.282,Spatial-Adaptive-v2.0,COIN44,huobi->mexc,1,1165%,0,0000,RADAR,CANDIDATO,Detectado por Adaptive Logic
14:22:52.282,Spatial-Adaptive-v2.0,COIN6,binance->gateio,0,3634%,0,0000,RADAR,CANDIDATO,Detectado por Adaptive Logic
14:22:52.282,Spatial-Adaptive-v2.0,COIN44,bybit->mexc,1,5024%,0,0000,RADAR,CANDIDATO,Detectado por Adaptive Logic
14:22:52.282,Spatial-Adaptive-v2.0,COIN6,gateio->okx,0,4132%,0,0000,RADAR,CANDIDATO,Detectado por Adaptive Logic
14:22:52.280,Spatial-Adaptive-v2.0,COIN22,binance->kraken,0,6814%,0,0000,RADAR,CANDIDATO,Detectado por Adaptive Logic
14:22:52.280,Spatial-Adaptive-v2.0,COIN20,binance->huobi,0,0403%,0,0000,RADAR,RECHAZADO,Spread menor a umbral adaptativo
14:22:52.280,Spatial-Adaptive-v2.0,COIN42,okx->kraken,1,3656%,0,0000,RADAR,CANDIDATO,Detectado por Adaptive Logic
14:22:52.279,Spatial-Adaptive-v2.0,COIN9,gateio->huobi,1,6067%,0,0000,RADAR,CANDIDATO,Detectado por Adaptive Logic
14:22:52.282,Spatial-Adaptive-v2.0,COIN22,okx->kraken,0,2412%,0,0000,RADAR,CANDIDATO,Detectado por Adaptive Logic
14:22:52.282,Spatial-Adaptive-v2.0,COIN6,kucoin->gateio,0,5938%,0,0000,RADAR,CANDIDATO,Detectado por Adaptive Logic
14:22:52.282,Spatial-Adaptive-v2.0,COIN9,gateio->bybit,1,8126%,0,0000,RADAR,CANDIDATO,Detectado por Adaptive Logic
14:22:52.281,Spatial-Adaptive-v2.0,COIN40,okx->mexc,1,0386%,0,0000,RADAR,CANDIDATO,Detectado por Adaptive Logic
14:22:52.282,Spatial-Adaptive-v2.0,COIN22,kucoin->kraken,0,0363%,0,0000,RADAR,RECHAZADO,Spread menor a umbral adaptativo
14:22:52.282,Spatial-Adaptive-v2.0,COIN6,bybit->huobi,0,1422%,0,0000,RADAR,CANDIDATO,Detectado por Adaptive Logic
14:22:52.283,Spatial-Adaptive-v2.0,COIN9,gateio->binance,1,5425%,0,0000,RADAR,CANDIDATO,Detectado por Adaptive Logic
14:22:52.283,Spatial-Adaptive-v2.0,COIN40,kucoin->mexc,0,2866%,0,0000,RADAR,CANDIDATO,Detectado por Adaptive Logic
14:22:52.283,Spatial-Adaptive-v2.0,COIN6,huobi->binance,0,0120%,0,0000,RADAR,RECHAZADO,Spread menor a umbral adaptativo
14:22:52.282,Spatial-Adaptive-v2.0,COIN42,kucoin->kraken,1,2552%,0,0000,RADAR,CANDIDATO,Detectado por Adaptive Logic
14:22:52.282,Spatial-Adaptive-v2.0,COIN20,huobi->okx,0,3756%,0,0000,RADAR,CANDIDATO,Detectado por Adaptive Logic
14:22:52.283,Spatial-Adaptive-v2.0,COIN9,gateio->okx,3,9729%,0,0000,RADAR,CANDIDATO,Detectado por Adaptive Logic
14:22:52.241,SPATIAL_SIMPLE,COIN3,binance->gateio,3,6639%,0,0000,RADAR,CANDIDATO,Pasa filtro de spread bruto
14:22:52.283,Spatial-Adaptive-v2.0,COIN42,huobi->gateio,0,0464%,0,0000,RADAR,RECHAZADO,Spread menor a umbral adaptativo
14:22:52.283,Spatial-Adaptive-v2.0,COIN9,gateio->kucoin,1,6070%,0,0000,RADAR,CANDIDATO,Detectado por Adaptive Logic
14:22:52.283,Spatial-Adaptive-v2.0,COIN6,huobi->okx,0,7902%,0,0000,RADAR,CANDIDATO,Detectado por Adaptive Logic
14:22:52.283,Spatial-Adaptive-v2.0,COIN42,bybit->gateio,0,4128%,0,0000,RADAR,CANDIDATO,Detectado por Adaptive Logic
14:22:52.283,Spatial-Adaptive-v2.0,COIN40,kraken->gateio,0,5549%,0,0000,RADAR,CANDIDATO,Detectado por Adaptive Logic
14:22:52.283,Spatial-Adaptive-v2.0,COIN3,kraken->mexc,0,1958%,0,0000,RADAR,CANDIDATO,Detectado por Adaptive Logic
14:22:52.283,Spatial-Adaptive-v2.0,COIN9,huobi->bybit,0,2027%,0,0000,RADAR,CANDIDATO,Detectado por Adaptive Logic
14:22:52.283,Spatial-Adaptive-v2.0,COIN6,kucoin->huobi,0,2176%,0,0000,RADAR,CANDIDATO,Detectado por Adaptive Logic
14:22:52.283,Spatial-Adaptive-v2.0,COIN42,binance->gateio,0,1257%,0,0000,RADAR,CANDIDATO,Detectado por Adaptive Logic
14:22:52.283,Spatial-Adaptive-v2.0,COIN40,kraken->huobi,0,2090%,0,0000,RADAR,CANDIDATO,Detectado por Adaptive Logic
14:22:52.283,Spatial-Adaptive-v2.0,COIN3,mexc->gateio,2,6379%,0,0000,RADAR,CANDIDATO,Detectado por Adaptive Logic
14:22:52.283,Spatial-Adaptive-v2.0,COIN9,binance->huobi,0,0632%,0,0000,RADAR,CANDIDATO,Detectado por Adaptive Logic
14:22:52.283,Spatial-Adaptive-v2.0,COIN6,bybit->binance,0,1543%,0,0000,RADAR,CANDIDATO,Detectado por Adaptive Logic
14:22:52.283,Spatial-Adaptive-v2.0,COIN42,okx->gateio,0,3687%,0,0000,RADAR,CANDIDATO,Detectado por Adaptive Logic
14:22:52.283,Spatial-Adaptive-v2.0,COIN40,bybit->kraken,0,1576%,0,0000,RADAR,CANDIDATO,Detectado por Adaptive Logic
14:22:52.283,Spatial-Adaptive-v2.0,COIN3,mexc->huobi,0,0074%,0,0000,RADAR,RECHAZADO,Spread menor a umbral adaptativo
14:22:52.283,Spatial-Adaptive-v2.0,COIN9,huobi->okx,2,3288%,0,0000,RADAR,CANDIDATO,Detectado por Adaptive Logic
14:22:52.284,Spatial-Adaptive-v2.0,COIN6,bybit->okx,0,9336%,0,0000,RADAR,CANDIDATO,Detectado por Adaptive Logic
14:22:52.284,Spatial-Adaptive-v2.0,COIN42,kucoin->gateio,0,2593%,0,0000,RADAR,CANDIDATO,Detectado por Adaptive Logic
14:22:52.284,Spatial-Adaptive-v2.0,COIN3,bybit->mexc,0,3328%,0,0000,RADAR,CANDIDATO,Detectado por Adaptive Logic
14:22:52.284,Spatial-Adaptive-v2.0,COIN9,huobi->kucoin,0,0002%,0,0000,RADAR,RECHAZADO,Spread menor a umbral adaptativo
14:22:52.284,Spatial-Adaptive-v2.0,COIN40,kraken->binance,0,8548%,0,0000,RADAR,CANDIDATO,Detectado por Adaptive Logic
14:22:52.284,Spatial-Adaptive-v2.0,COIN6,kucoin->bybit,0,0752%,0,0000,RADAR,CANDIDATO,Detectado por Adaptive Logic
14:22:52.284,Spatial-Adaptive-v2.0,COIN3,binance->mexc,0,9996%,0,0000,RADAR,CANDIDATO,Detectado por Adaptive Logic
14:22:52.284,Spatial-Adaptive-v2.0,COIN42,bybit->huobi,0,3662%,0,0000,RADAR,CANDIDATO,Detectado por Adaptive Logic
14:22:52.284,Spatial-Adaptive-v2.0,COIN40,kraken->okx,0,2457%,0,0000,RADAR,CANDIDATO,Detectado por Adaptive Logic
14:22:52.264,SPATIAL_SIMPLE,COIN27,gateio->kraken,3,4397%,0,0000,RADAR,CANDIDATO,Pasa filtro de spread bruto
14:22:52.284,Spatial-Adaptive-v2.0,COIN6,binance->okx,0,7781%,0,0000,RADAR,CANDIDATO,Detectado por Adaptive Logic
14:22:52.284,Spatial-Adaptive-v2.0,COIN42,binance->huobi,0,0792%,0,0000,RADAR,CANDIDATO,Detectado por Adaptive Logic
14:22:52.284,Spatial-Adaptive-v2.0,COIN3,mexc->okx,0,1408%,0,0000,RADAR,CANDIDATO,Detectado por Adaptive Logic
14:22:52.284,Spatial-Adaptive-v2.0,COIN40,kraken->kucoin,0,9974%,0,0000,RADAR,CANDIDATO,Detectado por Adaptive Logic
14:22:52.284,Spatial-Adaptive-v2.0,COIN6,kucoin->binance,0,2296%,0,0000,RADAR,CANDIDATO,Detectado por Adaptive Logic
14:22:52.284,Spatial-Adaptive-v2.0,COIN42,okx->huobi,0,3221%,0,0000,RADAR,CANDIDATO,Detectado por Adaptive Logic
14:22:52.284,Spatial-Adaptive-v2.0,COIN3,kucoin->mexc,0,7438%,0,0000,RADAR,CANDIDATO,Detectado por Adaptive Logic
14:22:52.284,Spatial-Adaptive-v2.0,COIN27,mexc->kraken,2,0343%,0,0000,RADAR,CANDIDATO,Detectado por Adaptive Logic
14:22:52.284,Spatial-Adaptive-v2.0,COIN40,huobi->gateio,0,3452%,0,0000,RADAR,CANDIDATO,Detectado por Adaptive Logic
14:22:52.284,Spatial-Adaptive-v2.0,COIN6,kucoin->okx,1,0095%,0,0000,RADAR,CANDIDATO,Detectado por Adaptive Logic
14:22:52.284,Spatial-Adaptive-v2.0,COIN42,kucoin->huobi,0,2128%,0,0000,RADAR,CANDIDATO,Detectado por Adaptive Logic
14:22:52.284,Spatial-Adaptive-v2.0,COIN27,gateio->mexc,1,3774%,0,0000,RADAR,CANDIDATO,Detectado por Adaptive Logic
14:22:52.284,Spatial-Adaptive-v2.0,COIN40,bybit->gateio,0,7134%,0,0000,RADAR,CANDIDATO,Detectado por Adaptive Logic
14:22:52.285,Spatial-Adaptive-v2.0,COIN42,bybit->binance,0,2867%,0,0000,RADAR,CANDIDATO,Detectado por Adaptive Logic
14:22:52.285,Spatial-Adaptive-v2.0,COIN27,huobi->mexc,0,3537%,0,0000,RADAR,CANDIDATO,Detectado por Adaptive Logic
14:22:52.285,Spatial-Adaptive-v2.0,COIN40,gateio->binance,0,2982%,0,0000,RADAR,CANDIDATO,Detectado por Adaptive Logic
14:22:52.285,SPATIAL_SIMPLE,COIN47,kucoin->kraken,1,3896%,0,0000,RADAR,CANDIDATO,Pasa filtro de spread bruto
14:22:52.285,Spatial-Adaptive-v2.0,COIN42,bybit->okx,0,0439%,0,0000,RADAR,RECHAZADO,Spread menor a umbral adaptativo
14:22:52.285,Spatial-Adaptive-v2.0,COIN47,mexc->kraken,1,1611%,0,0000,RADAR,CANDIDATO,Detectado por Adaptive Logic
14:22:52.285,Spatial-Adaptive-v2.0,COIN42,bybit->kucoin,0,1530%,0,0000,RADAR,CANDIDATO,Detectado por Adaptive Logic
14:22:52.241,SPATIAL_SIMPLE,COIN2,binance->bybit,3,7446%,0,0000,RADAR,CANDIDATO,Pasa filtro de spread bruto
14:22:52.285,Spatial-Adaptive-v2.0,COIN47,mexc->gateio,0,4554%,0,0000,RADAR,CANDIDATO,Detectado por Adaptive Logic
14:22:52.285,Spatial-Adaptive-v2.0,COIN42,okx->binance,0,2426%,0,0000,RADAR,CANDIDATO,Detectado por Adaptive Logic
14:22:52.241,SPATIAL_SIMPLE,COIN8,mexc->binance,1,6546%,0,0000,RADAR,CANDIDATO,Pasa filtro de spread bruto
14:22:52.285,Spatial-Adaptive-v2.0,COIN47,mexc->huobi,1,0870%,0,0000,RADAR,CANDIDATO,Detectado por Adaptive Logic
14:22:52.285,Spatial-Adaptive-v2.0,COIN42,kucoin->binance,0,1334%,0,0000,RADAR,CANDIDATO,Detectado por Adaptive Logic
14:22:52.285,Spatial-Adaptive-v2.0,COIN2,kraken->mexc,0,7068%,0,0000,RADAR,CANDIDATO,Detectado por Adaptive Logic
14:22:52.286,Spatial-Adaptive-v2.0,COIN8,mexc->kraken,1,1919%,0,0000,RADAR,CANDIDATO,Detectado por Adaptive Logic
14:22:52.286,Spatial-Adaptive-v2.0,COIN47,mexc->bybit,1,1480%,0,0000,RADAR,CANDIDATO,Detectado por Adaptive Logic
14:22:52.286,Spatial-Adaptive-v2.0,COIN42,okx->kucoin,0,1090%,0,0000,RADAR,CANDIDATO,Detectado por Adaptive Logic
14:22:52.286,Spatial-Adaptive-v2.0,COIN2,mexc->gateio,0,3510%,0,0000,RADAR,CANDIDATO,Detectado por Adaptive Logic
14:22:52.286,Spatial-Adaptive-v2.0,COIN47,mexc->binance,0,4321%,0,0000,RADAR,CANDIDATO,Detectado por Adaptive Logic
14:22:52.286,Spatial-Adaptive-v2.0,COIN8,mexc->gateio,1,2984%,0,0000,RADAR,CANDIDATO,Detectado por Adaptive Logic
14:22:52.286,Spatial-Adaptive-v2.0,COIN2,mexc->huobi,0,3011%,0,0000,RADAR,CANDIDATO,Detectado por Adaptive Logic
14:22:52.286,SPATIAL_SIMPLE,COIN45,kucoin->mexc,1,5526%,0,0000,RADAR,CANDIDATO,Pasa filtro de spread bruto
14:22:52.286,Spatial-Adaptive-v2.0,COIN47,mexc->okx,0,4807%,0,0000,RADAR,CANDIDATO,Detectado por Adaptive Logic
14:22:52.286,Spatial-Adaptive-v2.0,COIN8,mexc->huobi,0,1517%,0,0000,RADAR,CANDIDATO,Detectado por Adaptive Logic
14:22:52.285,Spatial-Adaptive-v2.0,COIN27,bybit->mexc,0,2274%,0,0000,RADAR,CANDIDATO,Detectado por Adaptive Logic
14:22:52.286,Spatial-Adaptive-v2.0,COIN47,kucoin->mexc,0,2259%,0,0000,RADAR,CANDIDATO,Detectado por Adaptive Logic
14:22:52.286,Spatial-Adaptive-v2.0,COIN8,mexc->bybit,0,9961%,0,0000,RADAR,CANDIDATO,Detectado por Adaptive Logic
14:22:52.286,Spatial-Adaptive-v2.0,COIN45,kraken->mexc,0,1603%,0,0000,RADAR,CANDIDATO,Detectado por Adaptive Logic
14:22:52.286,Spatial-Adaptive-v2.0,COIN47,gateio->kraken,0,7025%,0,0000,RADAR,CANDIDATO,Detectado por Adaptive Logic
14:22:52.286,Spatial-Adaptive-v2.0,COIN8,mexc->binance,1,6546%,0,0000,RADAR,CANDIDATO,Detectado por Adaptive Logic
14:22:52.286,Spatial-Adaptive-v2.0,COIN45,gateio->mexc,0,2209%,0,0000,RADAR,CANDIDATO,Detectado por Adaptive Logic
14:22:52.287,Spatial-Adaptive-v2.0,COIN47,huobi->kraken,0,0733%,0,0000,RADAR,CANDIDATO,Detectado por Adaptive Logic
14:22:52.287,SPATIAL_SIMPLE,COIN48,kraken->binance,4,0033%,0,0000,RADAR,CANDIDATO,Pasa filtro de spread bruto
14:22:52.287,Spatial-Adaptive-v2.0,COIN45,huobi->mexc,0,6094%,0,0000,RADAR,CANDIDATO,Detectado por Adaptive Logic
14:22:52.287,Spatial-Adaptive-v2.0,COIN8,mexc->okx,1,0885%,0,0000,RADAR,CANDIDATO,Detectado por Adaptive Logic
14:22:52.282,Spatial-Adaptive-v2.0,COIN44,binance->mexc,0,5878%,0,0000,RADAR,CANDIDATO,Detectado por Adaptive Logic
14:22:52.287,Spatial-Adaptive-v2.0,COIN47,bybit->kraken,0,0130%,0,0000,RADAR,RECHAZADO,Spread menor a umbral adaptativo
14:22:52.287,Spatial-Adaptive-v2.0,COIN8,mexc->kucoin,1,6454%,0,0000,RADAR,CANDIDATO,Detectado por Adaptive Logic
14:22:52.287,Spatial-Adaptive-v2.0,COIN45,bybit->mexc,0,1058%,0,0000,RADAR,CANDIDATO,Detectado por Adaptive Logic
14:22:52.287,Spatial-Adaptive-v2.0,COIN48,kraken->mexc,0,5818%,0,0000,RADAR,CANDIDATO,Detectado por Adaptive Logic
14:22:52.287,Spatial-Adaptive-v2.0,COIN47,binance->kraken,0,7259%,0,0000,RADAR,CANDIDATO,Detectado por Adaptive Logic
14:22:52.287,Spatial-Adaptive-v2.0,COIN44,okx->mexc,0,0642%,0,0000,RADAR,CANDIDATO,Detectado por Adaptive Logic
14:22:52.287,Spatial-Adaptive-v2.0,COIN8,kraken->gateio,0,1052%,0,0000,RADAR,CANDIDATO,Detectado por Adaptive Logic
14:22:52.287,Spatial-Adaptive-v2.0,COIN45,binance->mexc,0,2260%,0,0000,RADAR,CANDIDATO,Detectado por Adaptive Logic
14:22:52.286,Spatial-Adaptive-v2.0,COIN2,mexc->bybit,2,4094%,0,0000,RADAR,CANDIDATO,Detectado por Adaptive Logic
14:22:52.287,Spatial-Adaptive-v2.0,COIN48,mexc->gateio,0,4224%,0,0000,RADAR,CANDIDATO,Detectado por Adaptive Logic
14:22:52.287,Spatial-Adaptive-v2.0,COIN44,kucoin->mexc,0,8593%,0,0000,RADAR,CANDIDATO,Detectado por Adaptive Logic
14:22:52.287,Spatial-Adaptive-v2.0,COIN8,huobi->kraken,1,0386%,0,0000,RADAR,CANDIDATO,Detectado por Adaptive Logic
14:22:52.285,Spatial-Adaptive-v2.0,COIN40,okx->gateio,0,3084%,0,0000,RADAR,CANDIDATO,Detectado por Adaptive Logic
14:22:52.287,Spatial-Adaptive-v2.0,COIN2,binance->mexc,1,3038%,0,0000,RADAR,CANDIDATO,Detectado por Adaptive Logic
14:22:52.287,Spatial-Adaptive-v2.0,COIN48,huobi->mexc,0,2576%,0,0000,RADAR,CANDIDATO,Detectado por Adaptive Logic
14:22:52.287,Spatial-Adaptive-v2.0,COIN44,gateio->kraken,0,9137%,0,0000,RADAR,CANDIDATO,Detectado por Adaptive Logic
14:22:52.288,Spatial-Adaptive-v2.0,COIN8,bybit->kraken,0,1939%,0,0000,RADAR,CANDIDATO,Detectado por Adaptive Logic
14:22:52.288,Spatial-Adaptive-v2.0,COIN40,gateio->kucoin,0,4400%,0,0000,RADAR,CANDIDATO,Detectado por Adaptive Logic
14:22:52.288,Spatial-Adaptive-v2.0,COIN48,bybit->mexc,0,5479%,0,0000,RADAR,CANDIDATO,Detectado por Adaptive Logic
14:22:52.288,Spatial-Adaptive-v2.0,COIN2,mexc->okx,0,0287%,0,0000,RADAR,RECHAZADO,Spread menor a umbral adaptativo
14:22:52.288,Spatial-Adaptive-v2.0,COIN44,huobi->kraken,0,9320%,0,0000,RADAR,CANDIDATO,Detectado por Adaptive Logic
14:22:52.288,Spatial-Adaptive-v2.0,COIN40,bybit->huobi,0,3669%,0,0000,RADAR,CANDIDATO,Detectado por Adaptive Logic
14:22:52.288,Spatial-Adaptive-v2.0,COIN2,mexc->kucoin,0,0116%,0,0000,RADAR,RECHAZADO,Spread menor a umbral adaptativo
14:22:52.288,Spatial-Adaptive-v2.0,COIN8,kraken->binance,0,4572%,0,0000,RADAR,CANDIDATO,Detectado por Adaptive Logic
14:22:52.288,Spatial-Adaptive-v2.0,COIN44,bybit->kraken,1,3172%,0,0000,RADAR,CANDIDATO,Detectado por Adaptive Logic
14:22:52.266,SPATIAL_SIMPLE,COIN29,mexc->kucoin,1,7936%,0,0000,RADAR,CANDIDATO,Pasa filtro de spread bruto
14:22:52.288,Spatial-Adaptive-v2.0,COIN40,huobi->binance,0,6444%,0,0000,RADAR,CANDIDATO,Detectado por Adaptive Logic
14:22:52.288,Spatial-Adaptive-v2.0,COIN8,okx->kraken,0,1024%,0,0000,RADAR,CANDIDATO,Detectado por Adaptive Logic
14:22:52.288,Spatial-Adaptive-v2.0,COIN2,kraken->gateio,1,0603%,0,0000,RADAR,CANDIDATO,Detectado por Adaptive Logic
14:22:52.288,Spatial-Adaptive-v2.0,COIN44,binance->kraken,0,4043%,0,0000,RADAR,CANDIDATO,Detectado por Adaptive Logic
14:22:52.288,Spatial-Adaptive-v2.0,COIN40,huobi->okx,0,0367%,0,0000,RADAR,RECHAZADO,Spread menor a umbral adaptativo
14:22:52.288,Spatial-Adaptive-v2.0,COIN8,kraken->kucoin,0,4481%,0,0000,RADAR,CANDIDATO,Detectado por Adaptive Logic
14:22:52.288,Spatial-Adaptive-v2.0,COIN29,mexc->kraken,1,6568%,0,0000,RADAR,CANDIDATO,Detectado por Adaptive Logic
14:22:52.288,Spatial-Adaptive-v2.0,COIN2,kraken->huobi,1,0101%,0,0000,RADAR,CANDIDATO,Detectado por Adaptive Logic
14:22:52.288,Spatial-Adaptive-v2.0,COIN44,kraken->okx,0,1184%,0,0000,RADAR,CANDIDATO,Detectado por Adaptive Logic
14:22:52.288,Spatial-Adaptive-v2.0,COIN40,huobi->kucoin,0,7868%,0,0000,RADAR,CANDIDATO,Detectado por Adaptive Logic
14:22:52.288,Spatial-Adaptive-v2.0,COIN8,huobi->gateio,1,1449%,0,0000,RADAR,CANDIDATO,Detectado por Adaptive Logic
14:22:52.288,Spatial-Adaptive-v2.0,COIN29,mexc->gateio,1,5949%,0,0000,RADAR,CANDIDATO,Detectado por Adaptive Logic
14:22:52.288,Spatial-Adaptive-v2.0,COIN44,kucoin->kraken,0,6754%,0,0000,RADAR,CANDIDATO,Detectado por Adaptive Logic
14:22:52.289,Spatial-Adaptive-v2.0,COIN40,bybit->binance,1,0137%,0,0000,RADAR,CANDIDATO,Detectado por Adaptive Logic
14:22:52.289,Spatial-Adaptive-v2.0,COIN8,bybit->gateio,0,2993%,0,0000,RADAR,CANDIDATO,Detectado por Adaptive Logic
14:22:52.289,Spatial-Adaptive-v2.0,COIN29,mexc->huobi,0,2946%,0,0000,RADAR,CANDIDATO,Detectado por Adaptive Logic
14:22:52.289,Spatial-Adaptive-v2.0,COIN44,huobi->gateio,0,0182%,0,0000,RADAR,RECHAZADO,Spread menor a umbral adaptativo
14:22:52.289,SPATIAL_SIMPLE,COIN49,huobi->mexc,3,9817%,0,0000,RADAR,CANDIDATO,Pasa filtro de spread bruto
14:22:52.289,Spatial-Adaptive-v2.0,COIN40,bybit->okx,0,4037%,0,0000,RADAR,CANDIDATO,Detectado por Adaptive Logic
14:22:52.289,Spatial-Adaptive-v2.0,COIN8,gateio->binance,0,3517%,0,0000,RADAR,CANDIDATO,Detectado por Adaptive Logic
14:22:52.289,Spatial-Adaptive-v2.0,COIN44,bybit->gateio,0,3999%,0,0000,RADAR,CANDIDATO,Detectado por Adaptive Logic
14:22:52.289,Spatial-Adaptive-v2.0,COIN40,bybit->kucoin,1,1566%,0,0000,RADAR,CANDIDATO,Detectado por Adaptive Logic
14:22:52.268,SPATIAL_SIMPLE,COIN33,kraken->huobi,3,5516%,0,0000,RADAR,CANDIDATO,Pasa filtro de spread bruto
14:22:52.289,Spatial-Adaptive-v2.0,COIN49,kraken->mexc,3,3280%,0,0000,RADAR,CANDIDATO,Detectado por Adaptive Logic
14:22:52.289,Spatial-Adaptive-v2.0,COIN8,okx->gateio,0,2076%,0,0000,RADAR,CANDIDATO,Detectado por Adaptive Logic
14:22:52.289,Spatial-Adaptive-v2.0,COIN44,gateio->binance,0,5073%,0,0000,RADAR,CANDIDATO,Detectado por Adaptive Logic
14:22:52.289,Spatial-Adaptive-v2.0,COIN40,okx->binance,0,6076%,0,0000,RADAR,CANDIDATO,Detectado por Adaptive Logic
14:22:52.289,Spatial-Adaptive-v2.0,COIN8,gateio->kucoin,0,3426%,0,0000,RADAR,CANDIDATO,Detectado por Adaptive Logic
14:22:52.289,Spatial-Adaptive-v2.0,COIN49,gateio->mexc,3,7482%,0,0000,RADAR,CANDIDATO,Detectado por Adaptive Logic
14:22:52.289,Spatial-Adaptive-v2.0,COIN44,gateio->okx,1,0332%,0,0000,RADAR,CANDIDATO,Detectado por Adaptive Logic
14:22:52.289,Spatial-Adaptive-v2.0,COIN49,huobi->mexc,3,9817%,0,0000,RADAR,CANDIDATO,Detectado por Adaptive Logic
14:22:52.289,SPATIAL_SIMPLE,LTC,mexc->gateio,1,4747%,0,0000,RADAR,CANDIDATO,Pasa filtro de spread bruto
14:22:52.289,Spatial-Adaptive-v2.0,COIN8,huobi->bybit,0,8431%,0,0000,RADAR,CANDIDATO,Detectado por Adaptive Logic
14:22:52.290,Spatial-Adaptive-v2.0,COIN44,gateio->kucoin,0,2367%,0,0000,RADAR,CANDIDATO,Detectado por Adaptive Logic
14:22:52.290,Spatial-Adaptive-v2.0,COIN49,bybit->mexc,3,5084%,0,0000,RADAR,CANDIDATO,Detectado por Adaptive Logic
14:22:52.290,Spatial-Adaptive-v2.0,COIN8,huobi->binance,1,5006%,0,0000,RADAR,CANDIDATO,Detectado por Adaptive Logic
14:22:52.290,Spatial-Adaptive-v2.0,COIN44,bybit->huobi,0,3816%,0,0000,RADAR,CANDIDATO,Detectado por Adaptive Logic
14:22:52.290,Spatial-Adaptive-v2.0,COIN49,binance->mexc,3,6808%,0,0000,RADAR,CANDIDATO,Detectado por Adaptive Logic
14:22:52.290,Spatial-Adaptive-v2.0,COIN8,huobi->okx,0,9353%,0,0000,RADAR,CANDIDATO,Detectado por Adaptive Logic
14:22:52.290,Spatial-Adaptive-v2.0,COIN47,okx->kraken,0,6771%,0,0000,RADAR,CANDIDATO,Detectado por Adaptive Logic
14:22:52.290,Spatial-Adaptive-v2.0,COIN44,huobi->binance,0,5256%,0,0000,RADAR,CANDIDATO,Detectado por Adaptive Logic
14:22:52.290,Spatial-Adaptive-v2.0,COIN49,okx->mexc,2,0251%,0,0000,RADAR,CANDIDATO,Detectado por Adaptive Logic
14:22:52.290,Spatial-Adaptive-v2.0,COIN8,huobi->kucoin,1,4914%,0,0000,RADAR,CANDIDATO,Detectado por Adaptive Logic
14:22:52.289,Spatial-Adaptive-v2.0,COIN40,binance->kucoin,0,1414%,0,0000,RADAR,CANDIDATO,Detectado por Adaptive Logic
14:22:52.290,Spatial-Adaptive-v2.0,COIN44,huobi->okx,1,0516%,0,0000,RADAR,CANDIDATO,Detectado por Adaptive Logic
14:22:52.266,SPATIAL_SIMPLE,COIN30,bybit->kucoin,1,5440%,0,0000,RADAR,CANDIDATO,Pasa filtro de spread bruto
14:22:52.290,Spatial-Adaptive-v2.0,COIN8,bybit->binance,0,6521%,0,0000,RADAR,CANDIDATO,Detectado por Adaptive Logic
14:22:52.290,Spatial-Adaptive-v2.0,COIN49,kucoin->mexc,3,8535%,0,0000,RADAR,CANDIDATO,Detectado por Adaptive Logic
14:22:52.290,Spatial-Adaptive-v2.0,COIN44,huobi->kucoin,0,2549%,0,0000,RADAR,CANDIDATO,Detectado por Adaptive Logic
14:22:52.290,Spatial-Adaptive-v2.0,COIN40,okx->kucoin,0,7499%,0,0000,RADAR,CANDIDATO,Detectado por Adaptive Logic
14:22:52.290,Spatial-Adaptive-v2.0,COIN8,bybit->okx,0,0915%,0,0000,RADAR,CANDIDATO,Detectado por Adaptive Logic
14:22:52.290,Spatial-Adaptive-v2.0,COIN30,kraken->mexc,0,9821%,0,0000,RADAR,CANDIDATO,Detectado por Adaptive Logic
14:22:52.276,Spatial-Adaptive-v2.0,COIN18,kraken->mexc,0,6428%,0,0000,RADAR,CANDIDATO,Detectado por Adaptive Logic
14:22:52.291,Spatial-Adaptive-v2.0,COIN44,bybit->binance,0,9093%,0,0000,RADAR,CANDIDATO,Detectado por Adaptive Logic
14:22:52.291,Spatial-Adaptive-v2.0,COIN8,bybit->kucoin,0,6429%,0,0000,RADAR,CANDIDATO,Detectado por Adaptive Logic
14:22:52.291,Spatial-Adaptive-v2.0,COIN30,gateio->mexc,0,1295%,0,0000,RADAR,CANDIDATO,Detectado por Adaptive Logic
14:22:52.291,Spatial-Adaptive-v2.0,COIN44,bybit->okx,1,4372%,0,0000,RADAR,CANDIDATO,Detectado por Adaptive Logic
14:22:52.291,Spatial-Adaptive-v2.0,COIN18,gateio->mexc,0,8899%,0,0000,RADAR,CANDIDATO,Detectado por Adaptive Logic
14:22:52.291,SPATIAL_SIMPLE,SOL,bybit->kraken,3,9932%,0,0000,RADAR,CANDIDATO,Pasa filtro de spread bruto
14:22:52.291,Spatial-Adaptive-v2.0,COIN8,okx->binance,0,5601%,0,0000,RADAR,CANDIDATO,Detectado por Adaptive Logic
14:22:52.291,Spatial-Adaptive-v2.0,COIN30,huobi->mexc,0,7872%,0,0000,RADAR,CANDIDATO,Detectado por Adaptive Logic
14:22:52.291,Spatial-Adaptive-v2.0,COIN8,kucoin->binance,0,0091%,0,0000,RADAR,RECHAZADO,Spread menor a umbral adaptativo
14:22:52.287,Spatial-Adaptive-v2.0,COIN45,okx->mexc,0,2759%,0,0000,RADAR,CANDIDATO,Detectado por Adaptive Logic
14:22:52.291,Spatial-Adaptive-v2.0,COIN30,bybit->mexc,1,3268%,0,0000,RADAR,CANDIDATO,Detectado por Adaptive Logic
14:22:52.291,Spatial-Adaptive-v2.0,SOL,mexc->kraken,3,3337%,0,0000,RADAR,CANDIDATO,Detectado por Adaptive Logic
14:22:52.291,Spatial-Adaptive-v2.0,COIN8,okx->kucoin,0,5509%,0,0000,RADAR,CANDIDATO,Detectado por Adaptive Logic
14:22:52.291,Spatial-Adaptive-v2.0,COIN30,binance->mexc,1,2078%,0,0000,RADAR,CANDIDATO,Detectado por Adaptive Logic
14:22:52.291,Spatial-Adaptive-v2.0,SOL,mexc->gateio,0,9576%,0,0000,RADAR,CANDIDATO,Detectado por Adaptive Logic
14:22:52.291,Spatial-Adaptive-v2.0,COIN45,kucoin->mexc,1,5526%,0,0000,RADAR,CANDIDATO,Detectado por Adaptive Logic
14:22:52.291,Spatial-Adaptive-v2.0,SOL,mexc->huobi,1,2919%,0,0000,RADAR,CANDIDATO,Detectado por Adaptive Logic
14:22:52.291,Spatial-Adaptive-v2.0,COIN30,okx->mexc,0,5747%,0,0000,RADAR,CANDIDATO,Detectado por Adaptive Logic
14:22:52.247,SPATIAL_SIMPLE,COIN12,kucoin->okx,3,7507%,0,0000,RADAR,CANDIDATO,Pasa filtro de spread bruto
14:22:52.291,Spatial-Adaptive-v2.0,COIN45,gateio->kraken,0,0605%,0,0000,RADAR,CANDIDATO,Detectado por Adaptive Logic
14:22:52.292,Spatial-Adaptive-v2.0,COIN30,mexc->kucoin,0,2143%,0,0000,RADAR,CANDIDATO,Detectado por Adaptive Logic
14:22:52.292,Spatial-Adaptive-v2.0,COIN12,kraken->mexc,1,6600%,0,0000,RADAR,CANDIDATO,Detectado por Adaptive Logic
14:22:52.292,Spatial-Adaptive-v2.0,COIN30,kraken->gateio,0,8515%,0,0000,RADAR,CANDIDATO,Detectado por Adaptive Logic
14:22:52.292,SPATIAL_SIMPLE,XRP,bybit->okx,1,1688%,0,0000,RADAR,CANDIDATO,Pasa filtro de spread bruto
14:22:52.247,SPATIAL_SIMPLE,COIN11,kraken->okx,3,7520%,0,0000,RADAR,CANDIDATO,Pasa filtro de spread bruto
14:22:52.292,Spatial-Adaptive-v2.0,COIN12,gateio->mexc,0,6279%,0,0000,RADAR,CANDIDATO,Detectado por Adaptive Logic
14:22:52.292,Spatial-Adaptive-v2.0,COIN30,kraken->huobi,0,1934%,0,0000,RADAR,CANDIDATO,Detectado por Adaptive Logic
14:22:52.292,Spatial-Adaptive-v2.0,COIN12,huobi->mexc,0,6385%,0,0000,RADAR,CANDIDATO,Detectado por Adaptive Logic
14:22:52.292,Spatial-Adaptive-v2.0,COIN11,kraken->mexc,0,9207%,0,0000,RADAR,CANDIDATO,Detectado por Adaptive Logic
14:22:52.292,Spatial-Adaptive-v2.0,XRP,kraken->mexc,0,4588%,0,0000,RADAR,CANDIDATO,Detectado por Adaptive Logic
14:22:52.292,Spatial-Adaptive-v2.0,COIN30,bybit->kraken,0,3413%,0,0000,RADAR,CANDIDATO,Detectado por Adaptive Logic
14:22:52.292,Spatial-Adaptive-v2.0,COIN12,bybit->mexc,1,1442%,0,0000,RADAR,CANDIDATO,Detectado por Adaptive Logic
14:22:52.292,Spatial-Adaptive-v2.0,XRP,gateio->mexc,0,3720%,0,0000,RADAR,CANDIDATO,Detectado por Adaptive Logic
14:22:52.292,Spatial-Adaptive-v2.0,COIN30,binance->kraken,0,2235%,0,0000,RADAR,CANDIDATO,Detectado por Adaptive Logic
14:22:52.292,Spatial-Adaptive-v2.0,COIN11,gateio->mexc,0,3697%,0,0000,RADAR,CANDIDATO,Detectado por Adaptive Logic
14:22:52.292,Spatial-Adaptive-v2.0,COIN12,binance->mexc,1,6551%,0,0000,RADAR,CANDIDATO,Detectado por Adaptive Logic
14:22:52.292,Spatial-Adaptive-v2.0,XRP,mexc->huobi,0,3089%,0,0000,RADAR,CANDIDATO,Detectado por Adaptive Logic
14:22:52.292,Spatial-Adaptive-v2.0,COIN11,huobi->mexc,0,0773%,0,0000,RADAR,CANDIDATO,Detectado por Adaptive Logic
14:22:52.260,SPATIAL_SIMPLE,COIN21,okx->bybit,3,5959%,0,0000,RADAR,CANDIDATO,Pasa filtro de spread bruto
14:22:52.293,Spatial-Adaptive-v2.0,XRP,bybit->mexc,0,6135%,0,0000,RADAR,CANDIDATO,Detectado por Adaptive Logic
14:22:52.293,Spatial-Adaptive-v2.0,COIN12,mexc->okx,1,9934%,0,0000,RADAR,CANDIDATO,Detectado por Adaptive Logic
14:22:52.293,Spatial-Adaptive-v2.0,XRP,binance->mexc,0,0484%,0,0000,RADAR,RECHAZADO,Spread menor a umbral adaptativo
14:22:52.293,Spatial-Adaptive-v2.0,COIN12,kucoin->mexc,1,7230%,0,0000,RADAR,CANDIDATO,Detectado por Adaptive Logic
14:22:52.290,Spatial-Adaptive-v2.0,LTC,mexc->kraken,0,1959%,0,0000,RADAR,CANDIDATO,Detectado por Adaptive Logic
14:22:52.293,Spatial-Adaptive-v2.0,COIN12,kraken->gateio,1,0257%,0,0000,RADAR,CANDIDATO,Detectado por Adaptive Logic
14:22:52.268,SPATIAL_SIMPLE,COIN32,bybit->mexc,3,9433%,0,0000,RADAR,CANDIDATO,Pasa filtro de spread bruto
14:22:52.293,Spatial-Adaptive-v2.0,LTC,mexc->gateio,1,4747%,0,0000,RADAR,CANDIDATO,Detectado por Adaptive Logic
14:22:52.293,Spatial-Adaptive-v2.0,COIN12,kraken->huobi,1,0150%,0,0000,RADAR,CANDIDATO,Detectado por Adaptive Logic
14:22:52.293,Spatial-Adaptive-v2.0,LTC,mexc->huobi,0,9490%,0,0000,RADAR,CANDIDATO,Detectado por Adaptive Logic
14:22:52.293,Spatial-Adaptive-v2.0,COIN32,kraken->mexc,2,9519%,0,0000,RADAR,CANDIDATO,Detectado por Adaptive Logic
14:22:52.293,Spatial-Adaptive-v2.0,COIN12,kraken->bybit,0,5100%,0,0000,RADAR,CANDIDATO,Detectado por Adaptive Logic
14:22:52.294,Spatial-Adaptive-v2.0,LTC,mexc->bybit,0,5774%,0,0000,RADAR,CANDIDATO,Detectado por Adaptive Logic
14:22:52.247,SPATIAL_SIMPLE,COIN16,kucoin->kraken,1,2844%,0,0000,RADAR,CANDIDATO,Pasa filtro de spread bruto
14:22:52.294,Spatial-Adaptive-v2.0,COIN12,kraken->binance,0,0049%,0,0000,RADAR,RECHAZADO,Spread menor a umbral adaptativo
14:22:52.294,Spatial-Adaptive-v2.0,LTC,mexc->binance,0,4638%,0,0000,RADAR,CANDIDATO,Detectado por Adaptive Logic
14:22:52.294,Spatial-Adaptive-v2.0,COIN12,kraken->okx,3,6865%,0,0000,RADAR,CANDIDATO,Detectado por Adaptive Logic
14:22:52.294,Spatial-Adaptive-v2.0,LTC,mexc->okx,0,4183%,0,0000,RADAR,CANDIDATO,Detectado por Adaptive Logic
14:22:52.294,Spatial-Adaptive-v2.0,COIN16,mexc->kraken,0,9672%,0,0000,RADAR,CANDIDATO,Detectado por Adaptive Logic
14:22:52.247,SPATIAL_SIMPLE,COIN14,mexc->kucoin,1,7453%,0,0000,RADAR,CANDIDATO,Pasa filtro de spread bruto
14:22:52.291,Spatial-Adaptive-v2.0,COIN18,huobi->mexc,0,2719%,0,0000,RADAR,CANDIDATO,Detectado por Adaptive Logic
14:22:52.294,Spatial-Adaptive-v2.0,COIN12,kucoin->kraken,0,0619%,0,0000,RADAR,CANDIDATO,Detectado por Adaptive Logic
14:22:52.294,Spatial-Adaptive-v2.0,COIN16,mexc->gateio,0,9522%,0,0000,RADAR,CANDIDATO,Detectado por Adaptive Logic
14:22:52.294,Spatial-Adaptive-v2.0,COIN18,bybit->mexc,0,1114%,0,0000,RADAR,CANDIDATO,Detectado por Adaptive Logic
14:22:52.294,Spatial-Adaptive-v2.0,COIN14,mexc->kraken,0,7400%,0,0000,RADAR,CANDIDATO,Detectado por Adaptive Logic
14:22:52.294,Spatial-Adaptive-v2.0,COIN12,huobi->gateio,0,0106%,0,0000,RADAR,RECHAZADO,Spread menor a umbral adaptativo
14:22:52.294,Spatial-Adaptive-v2.0,COIN16,mexc->huobi,0,3670%,0,0000,RADAR,CANDIDATO,Detectado por Adaptive Logic
14:22:52.294,Spatial-Adaptive-v2.0,COIN12,bybit->gateio,0,5131%,0,0000,RADAR,CANDIDATO,Detectado por Adaptive Logic
14:22:52.294,Spatial-Adaptive-v2.0,COIN18,binance->mexc,1,2245%,0,0000,RADAR,CANDIDATO,Detectado por Adaptive Logic
14:22:52.294,Spatial-Adaptive-v2.0,COIN14,mexc->gateio,1,3435%,0,0000,RADAR,CANDIDATO,Detectado por Adaptive Logic
14:22:52.295,Spatial-Adaptive-v2.0,COIN12,binance->gateio,1,0208%,0,0000,RADAR,CANDIDATO,Detectado por Adaptive Logic
14:22:52.295,Spatial-Adaptive-v2.0,COIN18,okx->mexc,0,5588%,0,0000,RADAR,CANDIDATO,Detectado por Adaptive Logic
14:22:52.295,Spatial-Adaptive-v2.0,COIN14,mexc->huobi,0,7810%,0,0000,RADAR,CANDIDATO,Detectado por Adaptive Logic
14:22:52.248,SPATIAL_SIMPLE,COIN19,okx->binance,3,9374%,0,0000,RADAR,CANDIDATO,Pasa filtro de spread bruto
14:22:52.295,Spatial-Adaptive-v2.0,COIN12,gateio->okx,2,6337%,0,0000,RADAR,CANDIDATO,Detectado por Adaptive Logic
14:22:52.295,Spatial-Adaptive-v2.0,COIN18,kucoin->mexc,0,5590%,0,0000,RADAR,CANDIDATO,Detectado por Adaptive Logic
14:22:52.295,Spatial-Adaptive-v2.0,COIN14,mexc->bybit,0,1895%,0,0000,RADAR,CANDIDATO,Detectado por Adaptive Logic
14:22:52.295,Spatial-Adaptive-v2.0,COIN12,kucoin->gateio,1,0883%,0,0000,RADAR,CANDIDATO,Detectado por Adaptive Logic
14:22:52.294,Spatial-Adaptive-v2.0,LTC,mexc->kucoin,0,5234%,0,0000,RADAR,CANDIDATO,Detectado por Adaptive Logic
14:22:52.295,Spatial-Adaptive-v2.0,COIN18,gateio->kraken,0,2455%,0,0000,RADAR,CANDIDATO,Detectado por Adaptive Logic
14:22:52.276,Spatial-Adaptive-v2.0,COIN41,mexc->bybit,0,3155%,0,0000,RADAR,CANDIDATO,Detectado por Adaptive Logic
14:22:52.295,Spatial-Adaptive-v2.0,COIN12,bybit->huobi,0,5025%,0,0000,RADAR,CANDIDATO,Detectado por Adaptive Logic
14:22:52.295,Spatial-Adaptive-v2.0,LTC,kraken->gateio,1,2763%,0,0000,RADAR,CANDIDATO,Detectado por Adaptive Logic
14:22:52.295,Spatial-Adaptive-v2.0,COIN18,kraken->huobi,0,3699%,0,0000,RADAR,CANDIDATO,Detectado por Adaptive Logic
14:22:52.295,Spatial-Adaptive-v2.0,COIN41,mexc->binance,0,3806%,0,0000,RADAR,CANDIDATO,Detectado por Adaptive Logic
14:22:52.295,Spatial-Adaptive-v2.0,COIN12,binance->huobi,1,0101%,0,0000,RADAR,CANDIDATO,Detectado por Adaptive Logic
14:22:52.295,Spatial-Adaptive-v2.0,LTC,kraken->huobi,0,7516%,0,0000,RADAR,CANDIDATO,Detectado por Adaptive Logic
14:22:52.295,Spatial-Adaptive-v2.0,COIN18,kraken->bybit,0,5308%,0,0000,RADAR,CANDIDATO,Detectado por Adaptive Logic
14:22:52.295,Spatial-Adaptive-v2.0,COIN41,mexc->okx,0,6138%,0,0000,RADAR,CANDIDATO,Detectado por Adaptive Logic
14:22:52.295,Spatial-Adaptive-v2.0,COIN12,huobi->okx,2,6446%,0,0000,RADAR,CANDIDATO,Detectado por Adaptive Logic
14:22:52.295,Spatial-Adaptive-v2.0,LTC,kraken->bybit,0,3807%,0,0000,RADAR,CANDIDATO,Detectado por Adaptive Logic
14:22:52.296,Spatial-Adaptive-v2.0,COIN18,binance->kraken,0,5780%,0,0000,RADAR,CANDIDATO,Detectado por Adaptive Logic
14:22:52.296,Spatial-Adaptive-v2.0,COIN41,kucoin->mexc,0,0409%,0,0000,RADAR,RECHAZADO,Spread menor a umbral adaptativo
14:22:52.296,Spatial-Adaptive-v2.0,LTC,kraken->binance,0,2674%,0,0000,RADAR,CANDIDATO,Detectado por Adaptive Logic
14:22:52.296,Spatial-Adaptive-v2.0,COIN12,kucoin->huobi,1,0776%,0,0000,RADAR,CANDIDATO,Detectado por Adaptive Logic
14:22:52.296,Spatial-Adaptive-v2.0,COIN18,kraken->okx,0,0835%,0,0000,RADAR,CANDIDATO,Detectado por Adaptive Logic
14:22:52.296,Spatial-Adaptive-v2.0,COIN12,binance->bybit,0,5050%,0,0000,RADAR,CANDIDATO,Detectado por Adaptive Logic
14:22:52.296,Spatial-Adaptive-v2.0,COIN41,kraken->gateio,0,7464%,0,0000,RADAR,CANDIDATO,Detectado por Adaptive Logic
14:22:52.296,Spatial-Adaptive-v2.0,COIN19,kraken->mexc,0,2723%,0,0000,RADAR,CANDIDATO,Detectado por Adaptive Logic
14:22:52.296,Spatial-Adaptive-v2.0,COIN18,kraken->kucoin,0,0834%,0,0000,RADAR,CANDIDATO,Detectado por Adaptive Logic
14:22:52.296,Spatial-Adaptive-v2.0,COIN12,bybit->okx,3,1604%,0,0000,RADAR,CANDIDATO,Detectado por Adaptive Logic
14:22:52.296,Spatial-Adaptive-v2.0,COIN19,gateio->mexc,1,0150%,0,0000,RADAR,CANDIDATO,Detectado por Adaptive Logic
14:22:52.296,Spatial-Adaptive-v2.0,COIN18,gateio->huobi,0,6164%,0,0000,RADAR,CANDIDATO,Detectado por Adaptive Logic
14:22:52.296,Spatial-Adaptive-v2.0,COIN41,kraken->huobi,1,2367%,0,0000,RADAR,CANDIDATO,Detectado por Adaptive Logic
14:22:52.293,Spatial-Adaptive-v2.0,COIN11,bybit->mexc,0,8326%,0,0000,RADAR,CANDIDATO,Detectado por Adaptive Logic
14:22:52.296,Spatial-Adaptive-v2.0,COIN12,kucoin->bybit,0,5722%,0,0000,RADAR,CANDIDATO,Detectado por Adaptive Logic
14:22:52.296,Spatial-Adaptive-v2.0,COIN19,huobi->mexc,1,5119%,0,0000,RADAR,CANDIDATO,Detectado por Adaptive Logic
14:22:52.296,Spatial-Adaptive-v2.0,COIN41,kraken->bybit,0,4558%,0,0000,RADAR,CANDIDATO,Detectado por Adaptive Logic
14:22:52.296,Spatial-Adaptive-v2.0,COIN18,gateio->bybit,0,7776%,0,0000,RADAR,CANDIDATO,Detectado por Adaptive Logic
14:22:52.296,Spatial-Adaptive-v2.0,COIN12,binance->okx,3,6814%,0,0000,RADAR,CANDIDATO,Detectado por Adaptive Logic
14:22:52.296,Spatial-Adaptive-v2.0,COIN11,binance->mexc,0,1291%,0,0000,RADAR,CANDIDATO,Detectado por Adaptive Logic
14:22:52.296,Spatial-Adaptive-v2.0,COIN19,mexc->bybit,0,0736%,0,0000,RADAR,CANDIDATO,Detectado por Adaptive Logic
14:22:52.296,Spatial-Adaptive-v2.0,COIN18,binance->gateio,0,3317%,0,0000,RADAR,CANDIDATO,Detectado por Adaptive Logic
14:22:52.296,Spatial-Adaptive-v2.0,COIN41,kraken->binance,0,5209%,0,0000,RADAR,CANDIDATO,Detectado por Adaptive Logic
14:22:52.296,Spatial-Adaptive-v2.0,COIN12,kucoin->binance,0,0668%,0,0000,RADAR,CANDIDATO,Detectado por Adaptive Logic
14:22:52.296,Spatial-Adaptive-v2.0,COIN11,mexc->okx,2,8055%,0,0000,RADAR,CANDIDATO,Detectado por Adaptive Logic
14:22:52.297,Spatial-Adaptive-v2.0,COIN19,mexc->binance,2,1984%,0,0000,RADAR,CANDIDATO,Detectado por Adaptive Logic
14:22:52.297,Spatial-Adaptive-v2.0,COIN18,gateio->okx,0,3292%,0,0000,RADAR,CANDIDATO,Detectado por Adaptive Logic
14:22:52.297,Spatial-Adaptive-v2.0,COIN41,kraken->okx,0,7545%,0,0000,RADAR,CANDIDATO,Detectado por Adaptive Logic
14:22:52.297,Spatial-Adaptive-v2.0,COIN12,kucoin->okx,3,7507%,0,0000,RADAR,CANDIDATO,Detectado por Adaptive Logic
14:22:52.297,Spatial-Adaptive-v2.0,COIN11,kucoin->mexc,0,2229%,0,0000,RADAR,CANDIDATO,Detectado por Adaptive Logic
14:22:52.297,Spatial-Adaptive-v2.0,COIN19,okx->mexc,1,7017%,0,0000,RADAR,CANDIDATO,Detectado por Adaptive Logic
14:22:52.297,Spatial-Adaptive-v2.0,COIN18,gateio->kucoin,0,3291%,0,0000,RADAR,CANDIDATO,Detectado por Adaptive Logic
14:22:52.297,Spatial-Adaptive-v2.0,COIN41,kraken->kucoin,0,0989%,0,0000,RADAR,CANDIDATO,Detectado por Adaptive Logic
14:22:52.247,SPATIAL_SIMPLE,COIN17,mexc->bybit,1,4429%,0,0000,RADAR,CANDIDATO,Pasa filtro de spread bruto
14:22:52.297,Spatial-Adaptive-v2.0,COIN11,kraken->gateio,0,5490%,0,0000,RADAR,CANDIDATO,Detectado por Adaptive Logic
14:22:52.297,Spatial-Adaptive-v2.0,COIN19,kucoin->mexc,0,9830%,0,0000,RADAR,CANDIDATO,Detectado por Adaptive Logic
14:22:52.297,Spatial-Adaptive-v2.0,COIN18,huobi->bybit,0,1603%,0,0000,RADAR,CANDIDATO,Detectado por Adaptive Logic
14:22:52.297,Spatial-Adaptive-v2.0,COIN41,gateio->huobi,0,4866%,0,0000,RADAR,CANDIDATO,Detectado por Adaptive Logic
14:22:52.297,Spatial-Adaptive-v2.0,COIN11,kraken->huobi,0,8428%,0,0000,RADAR,CANDIDATO,Detectado por Adaptive Logic
14:22:52.297,Spatial-Adaptive-v2.0,COIN19,gateio->kraken,0,7407%,0,0000,RADAR,CANDIDATO,Detectado por Adaptive Logic
14:22:52.297,Spatial-Adaptive-v2.0,COIN18,binance->huobi,0,9501%,0,0000,RADAR,CANDIDATO,Detectado por Adaptive Logic
14:22:52.297,Spatial-Adaptive-v2.0,COIN41,bybit->gateio,0,2893%,0,0000,RADAR,CANDIDATO,Detectado por Adaptive Logic
14:22:52.297,Spatial-Adaptive-v2.0,COIN11,kraken->bybit,0,0874%,0,0000,RADAR,CANDIDATO,Detectado por Adaptive Logic
14:22:52.297,Spatial-Adaptive-v2.0,COIN19,huobi->kraken,1,2362%,0,0000,RADAR,CANDIDATO,Detectado por Adaptive Logic
14:22:52.297,Spatial-Adaptive-v2.0,COIN18,okx->huobi,0,2862%,0,0000,RADAR,CANDIDATO,Detectado por Adaptive Logic
14:22:52.297,Spatial-Adaptive-v2.0,COIN41,binance->gateio,0,2243%,0,0000,RADAR,CANDIDATO,Detectado por Adaptive Logic
14:22:52.297,Spatial-Adaptive-v2.0,COIN11,kraken->binance,0,7906%,0,0000,RADAR,CANDIDATO,Detectado por Adaptive Logic
14:22:52.297,Spatial-Adaptive-v2.0,COIN19,kraken->bybit,0,3462%,0,0000,RADAR,CANDIDATO,Detectado por Adaptive Logic
14:22:52.298,Spatial-Adaptive-v2.0,COIN18,kucoin->huobi,0,2863%,0,0000,RADAR,CANDIDATO,Detectado por Adaptive Logic
14:22:52.298,Spatial-Adaptive-v2.0,COIN41,gateio->okx,0,0080%,0,0000,RADAR,RECHAZADO,Spread menor a umbral adaptativo
14:22:52.298,Spatial-Adaptive-v2.0,COIN19,kraken->binance,2,4767%,0,0000,RADAR,CANDIDATO,Detectado por Adaptive Logic
14:22:52.298,Spatial-Adaptive-v2.0,COIN11,kraken->okx,3,7520%,0,0000,RADAR,CANDIDATO,Detectado por Adaptive Logic
14:22:52.298,Spatial-Adaptive-v2.0,COIN17,mexc->kraken,0,8492%,0,0000,RADAR,CANDIDATO,Detectado por Adaptive Logic
14:22:52.298,Spatial-Adaptive-v2.0,COIN41,kucoin->gateio,0,6469%,0,0000,RADAR,CANDIDATO,Detectado por Adaptive Logic
14:22:52.298,Spatial-Adaptive-v2.0,COIN18,binance->bybit,1,1119%,0,0000,RADAR,CANDIDATO,Detectado por Adaptive Logic
14:22:52.298,Spatial-Adaptive-v2.0,COIN19,okx->kraken,1,4255%,0,0000,RADAR,CANDIDATO,Detectado por Adaptive Logic
14:22:52.298,Spatial-Adaptive-v2.0,COIN11,kraken->kucoin,0,6963%,0,0000,RADAR,CANDIDATO,Detectado por Adaptive Logic
14:22:52.298,Spatial-Adaptive-v2.0,COIN17,mexc->gateio,0,9364%,0,0000,RADAR,CANDIDATO,Detectado por Adaptive Logic
14:22:52.291,Spatial-Adaptive-v2.0,COIN44,bybit->kucoin,0,6375%,0,0000,RADAR,CANDIDATO,Detectado por Adaptive Logic
14:22:52.298,Spatial-Adaptive-v2.0,COIN41,bybit->huobi,0,7773%,0,0000,RADAR,CANDIDATO,Detectado por Adaptive Logic
14:22:52.298,Spatial-Adaptive-v2.0,COIN18,okx->bybit,0,4469%,0,0000,RADAR,CANDIDATO,Detectado por Adaptive Logic
14:22:52.298,Spatial-Adaptive-v2.0,COIN19,kucoin->kraken,0,7087%,0,0000,RADAR,CANDIDATO,Detectado por Adaptive Logic
14:22:52.298,Spatial-Adaptive-v2.0,COIN11,gateio->huobi,0,2922%,0,0000,RADAR,CANDIDATO,Detectado por Adaptive Logic
14:22:52.298,Spatial-Adaptive-v2.0,COIN17,mexc->huobi,1,0343%,0,0000,RADAR,CANDIDATO,Detectado por Adaptive Logic
14:22:52.298,Spatial-Adaptive-v2.0,COIN44,binance->okx,0,5232%,0,0000,RADAR,CANDIDATO,Detectado por Adaptive Logic
14:22:52.298,Spatial-Adaptive-v2.0,COIN41,binance->huobi,0,7120%,0,0000,RADAR,CANDIDATO,Detectado por Adaptive Logic
14:22:52.298,Spatial-Adaptive-v2.0,COIN18,kucoin->bybit,0,4471%,0,0000,RADAR,CANDIDATO,Detectado por Adaptive Logic
14:22:52.298,Spatial-Adaptive-v2.0,COIN19,huobi->gateio,0,4919%,0,0000,RADAR,CANDIDATO,Detectado por Adaptive Logic
14:22:52.298,Spatial-Adaptive-v2.0,COIN11,bybit->gateio,0,4612%,0,0000,RADAR,CANDIDATO,Detectado por Adaptive Logic
14:22:52.298,Spatial-Adaptive-v2.0,COIN17,mexc->bybit,1,4429%,0,0000,RADAR,CANDIDATO,Detectado por Adaptive Logic
14:22:52.298,Spatial-Adaptive-v2.0,COIN41,okx->huobi,0,4785%,0,0000,RADAR,CANDIDATO,Detectado por Adaptive Logic
14:22:52.298,Spatial-Adaptive-v2.0,COIN44,kucoin->binance,0,2700%,0,0000,RADAR,CANDIDATO,Detectado por Adaptive Logic
14:22:52.298,Spatial-Adaptive-v2.0,COIN18,binance->okx,0,6620%,0,0000,RADAR,CANDIDATO,Detectado por Adaptive Logic
14:22:52.298,Spatial-Adaptive-v2.0,COIN19,gateio->bybit,1,0894%,0,0000,RADAR,CANDIDATO,Detectado por Adaptive Logic
14:22:52.298,Spatial-Adaptive-v2.0,COIN11,gateio->binance,0,2403%,0,0000,RADAR,CANDIDATO,Detectado por Adaptive Logic
14:22:52.298,Spatial-Adaptive-v2.0,COIN41,kucoin->huobi,1,1367%,0,0000,RADAR,CANDIDATO,Detectado por Adaptive Logic
14:22:52.298,Spatial-Adaptive-v2.0,COIN17,mexc->binance,1,3275%,0,0000,RADAR,CANDIDATO,Detectado por Adaptive Logic
14:22:52.298,Spatial-Adaptive-v2.0,COIN44,kucoin->okx,0,7946%,0,0000,RADAR,CANDIDATO,Detectado por Adaptive Logic
14:22:52.298,Spatial-Adaptive-v2.0,COIN18,binance->kucoin,0,6619%,0,0000,RADAR,CANDIDATO,Detectado por Adaptive Logic
14:22:52.299,Spatial-Adaptive-v2.0,COIN19,gateio->binance,3,2357%,0,0000,RADAR,CANDIDATO,Detectado por Adaptive Logic
14:22:52.299,Spatial-Adaptive-v2.0,COIN11,gateio->okx,3,1856%,0,0000,RADAR,CANDIDATO,Detectado por Adaptive Logic
14:22:52.299,Spatial-Adaptive-v2.0,COIN41,bybit->binance,0,0648%,0,0000,RADAR,CANDIDATO,Detectado por Adaptive Logic
14:22:52.299,Spatial-Adaptive-v2.0,COIN17,mexc->okx,0,0484%,0,0000,RADAR,RECHAZADO,Spread menor a umbral adaptativo
14:22:52.268,SPATIAL_SIMPLE,COIN34,kraken->mexc,1,4911%,0,0000,RADAR,CANDIDATO,Pasa filtro de spread bruto
14:22:52.299,Spatial-Adaptive-v2.0,COIN18,kucoin->okx,0,0002%,0,0000,RADAR,RECHAZADO,Spread menor a umbral adaptativo
14:22:52.299,Spatial-Adaptive-v2.0,COIN19,okx->gateio,0,6797%,0,0000,RADAR,CANDIDATO,Detectado por Adaptive Logic
14:22:52.299,Spatial-Adaptive-v2.0,COIN11,gateio->kucoin,0,1465%,0,0000,RADAR,CANDIDATO,Detectado por Adaptive Logic
14:22:52.299,Spatial-Adaptive-v2.0,COIN41,bybit->okx,0,2974%,0,0000,RADAR,CANDIDATO,Detectado por Adaptive Logic
14:22:52.299,Spatial-Adaptive-v2.0,COIN17,mexc->kucoin,0,0419%,0,0000,RADAR,RECHAZADO,Spread menor a umbral adaptativo
14:22:52.299,Spatial-Adaptive-v2.0,COIN34,kraken->mexc,1,4911%,0,0000,RADAR,CANDIDATO,Detectado por Adaptive Logic
14:22:52.260,SPATIAL_SIMPLE,COIN23,bybit->gateio,3,9376%,0,0000,RADAR,CANDIDATO,Pasa filtro de spread bruto
14:22:52.299,Spatial-Adaptive-v2.0,COIN19,gateio->kucoin,0,0318%,0,0000,RADAR,RECHAZADO,Spread menor a umbral adaptativo
14:22:52.299,Spatial-Adaptive-v2.0,COIN17,kraken->gateio,0,0864%,0,0000,RADAR,CANDIDATO,Detectado por Adaptive Logic
14:22:52.299,Spatial-Adaptive-v2.0,COIN41,kucoin->bybit,0,3566%,0,0000,RADAR,CANDIDATO,Detectado por Adaptive Logic
14:22:52.299,Spatial-Adaptive-v2.0,COIN34,gateio->mexc,0,6062%,0,0000,RADAR,CANDIDATO,Detectado por Adaptive Logic
14:22:52.299,Spatial-Adaptive-v2.0,COIN17,kraken->huobi,0,1835%,0,0000,RADAR,CANDIDATO,Detectado por Adaptive Logic
14:22:52.241,SPATIAL_SIMPLE,COIN10,gateio->binance,3,9548%,0,0000,RADAR,CANDIDATO,Pasa filtro de spread bruto
14:22:52.299,Spatial-Adaptive-v2.0,COIN41,binance->okx,0,2324%,0,0000,RADAR,CANDIDATO,Detectado por Adaptive Logic
14:22:52.261,SPATIAL_SIMPLE,COIN26,huobi->gateio,1,4223%,0,0000,RADAR,CANDIDATO,Pasa filtro de spread bruto
14:22:52.299,Spatial-Adaptive-v2.0,COIN17,kraken->bybit,0,5886%,0,0000,RADAR,CANDIDATO,Detectado por Adaptive Logic
14:22:52.299,Spatial-Adaptive-v2.0,COIN34,huobi->mexc,0,0570%,0,0000,RADAR,CANDIDATO,Detectado por Adaptive Logic
14:22:52.299,Spatial-Adaptive-v2.0,COIN41,kucoin->binance,0,4216%,0,0000,RADAR,CANDIDATO,Detectado por Adaptive Logic
14:22:52.299,Spatial-Adaptive-v2.0,COIN10,mexc->kraken,0,3550%,0,0000,RADAR,CANDIDATO,Detectado por Adaptive Logic
14:22:52.300,Spatial-Adaptive-v2.0,COIN41,kucoin->okx,0,6550%,0,0000,RADAR,CANDIDATO,Detectado por Adaptive Logic
14:22:52.299,Spatial-Adaptive-v2.0,COIN17,kraken->binance,0,4742%,0,0000,RADAR,CANDIDATO,Detectado por Adaptive Logic
14:22:52.300,Spatial-Adaptive-v2.0,COIN26,kraken->mexc,0,1334%,0,0000,RADAR,CANDIDATO,Detectado por Adaptive Logic
14:22:52.300,Spatial-Adaptive-v2.0,COIN34,bybit->mexc,0,1581%,0,0000,RADAR,CANDIDATO,Detectado por Adaptive Logic
14:22:52.300,Spatial-Adaptive-v2.0,COIN10,gateio->mexc,1,0516%,0,0000,RADAR,CANDIDATO,Detectado por Adaptive Logic
14:22:52.276,Spatial-Adaptive-v2.0,COIN4,mexc->kraken,0,3464%,0,0000,RADAR,CANDIDATO,Detectado por Adaptive Logic
14:22:52.300,Spatial-Adaptive-v2.0,COIN34,binance->mexc,0,6469%,0,0000,RADAR,CANDIDATO,Detectado por Adaptive Logic
14:22:52.300,Spatial-Adaptive-v2.0,COIN17,okx->kraken,0,8004%,0,0000,RADAR,CANDIDATO,Detectado por Adaptive Logic
14:22:52.300,Spatial-Adaptive-v2.0,COIN10,mexc->huobi,0,4019%,0,0000,RADAR,CANDIDATO,Detectado por Adaptive Logic
14:22:52.300,Spatial-Adaptive-v2.0,COIN4,gateio->mexc,0,1873%,0,0000,RADAR,CANDIDATO,Detectado por Adaptive Logic
14:22:52.268,SPATIAL_SIMPLE,COIN35,binance->okx,1,0054%,0,0000,RADAR,CANDIDATO,Pasa filtro de spread bruto
14:22:52.300,Spatial-Adaptive-v2.0,COIN17,kucoin->kraken,0,8070%,0,0000,RADAR,CANDIDATO,Detectado por Adaptive Logic
14:22:52.300,Spatial-Adaptive-v2.0,COIN34,okx->mexc,1,2867%,0,0000,RADAR,CANDIDATO,Detectado por Adaptive Logic
14:22:52.300,Spatial-Adaptive-v2.0,COIN10,mexc->bybit,0,1686%,0,0000,RADAR,CANDIDATO,Detectado por Adaptive Logic
14:22:52.300,Spatial-Adaptive-v2.0,COIN4,huobi->mexc,0,3856%,0,0000,RADAR,CANDIDATO,Detectado por Adaptive Logic
14:22:52.300,Spatial-Adaptive-v2.0,COIN34,kucoin->mexc,1,4767%,0,0000,RADAR,CANDIDATO,Detectado por Adaptive Logic
14:22:52.300,Spatial-Adaptive-v2.0,COIN17,gateio->huobi,0,0970%,0,0000,RADAR,CANDIDATO,Detectado por Adaptive Logic
14:22:52.300,Spatial-Adaptive-v2.0,COIN35,kraken->mexc,0,1806%,0,0000,RADAR,CANDIDATO,Detectado por Adaptive Logic
14:22:52.300,Spatial-Adaptive-v2.0,COIN10,mexc->binance,2,8730%,0,0000,RADAR,CANDIDATO,Detectado por Adaptive Logic
14:22:52.300,Spatial-Adaptive-v2.0,COIN4,bybit->mexc,0,0388%,0,0000,RADAR,RECHAZADO,Spread menor a umbral adaptativo
14:22:52.300,Spatial-Adaptive-v2.0,COIN34,kraken->gateio,0,8795%,0,0000,RADAR,CANDIDATO,Detectado por Adaptive Logic
14:22:52.300,Spatial-Adaptive-v2.0,COIN17,gateio->bybit,0,5018%,0,0000,RADAR,CANDIDATO,Detectado por Adaptive Logic
14:22:52.300,Spatial-Adaptive-v2.0,COIN4,mexc->binance,1,0817%,0,0000,RADAR,CANDIDATO,Detectado por Adaptive Logic
14:22:52.300,Spatial-Adaptive-v2.0,COIN10,okx->mexc,0,1200%,0,0000,RADAR,CANDIDATO,Detectado por Adaptive Logic
14:22:52.244,SPATIAL_SIMPLE,COIN5,binance->mexc,3,6322%,0,0000,RADAR,CANDIDATO,Pasa filtro de spread bruto
14:22:52.300,Spatial-Adaptive-v2.0,COIN34,kraken->huobi,1,4333%,0,0000,RADAR,CANDIDATO,Detectado por Adaptive Logic
14:22:52.300,Spatial-Adaptive-v2.0,COIN17,gateio->binance,0,3875%,0,0000,RADAR,CANDIDATO,Detectado por Adaptive Logic
14:22:52.300,Spatial-Adaptive-v2.0,COIN4,mexc->okx,0,7296%,0,0000,RADAR,CANDIDATO,Detectado por Adaptive Logic
14:22:52.300,Spatial-Adaptive-v2.0,COIN10,kucoin->mexc,0,3612%,0,0000,RADAR,CANDIDATO,Detectado por Adaptive Logic
14:22:52.301,Spatial-Adaptive-v2.0,COIN23,mexc->kraken,0,6764%,0,0000,RADAR,CANDIDATO,Detectado por Adaptive Logic
14:22:52.301,Spatial-Adaptive-v2.0,COIN34,kraken->bybit,1,3309%,0,0000,RADAR,CANDIDATO,Detectado por Adaptive Logic
14:22:52.301,Spatial-Adaptive-v2.0,COIN17,okx->gateio,0,8875%,0,0000,RADAR,CANDIDATO,Detectado por Adaptive Logic
14:22:52.301,Spatial-Adaptive-v2.0,COIN4,mexc->kucoin,0,0401%,0,0000,RADAR,RECHAZADO,Spread menor a umbral adaptativo
14:22:52.301,Spatial-Adaptive-v2.0,COIN5,kraken->mexc,2,8089%,0,0000,RADAR,CANDIDATO,Detectado por Adaptive Logic
14:22:52.301,Spatial-Adaptive-v2.0,COIN23,mexc->gateio,3,6282%,0,0000,RADAR,CANDIDATO,Detectado por Adaptive Logic
14:22:52.301,Spatial-Adaptive-v2.0,COIN34,kraken->binance,0,8387%,0,0000,RADAR,CANDIDATO,Detectado por Adaptive Logic
14:22:52.301,Spatial-Adaptive-v2.0,COIN17,kucoin->gateio,0,8941%,0,0000,RADAR,CANDIDATO,Detectado por Adaptive Logic
14:22:52.301,Spatial-Adaptive-v2.0,COIN4,gateio->kraken,0,5344%,0,0000,RADAR,CANDIDATO,Detectado por Adaptive Logic
14:22:52.301,Spatial-Adaptive-v2.0,COIN5,gateio->mexc,3,1482%,0,0000,RADAR,CANDIDATO,Detectado por Adaptive Logic
14:22:52.301,Spatial-Adaptive-v2.0,COIN23,mexc->huobi,0,7709%,0,0000,RADAR,CANDIDATO,Detectado por Adaptive Logic
14:22:52.247,SPATIAL_SIMPLE,COIN1,okx->huobi,1,5819%,0,0000,RADAR,CANDIDATO,Pasa filtro de spread bruto
14:22:52.301,Spatial-Adaptive-v2.0,COIN17,huobi->bybit,0,4044%,0,0000,RADAR,CANDIDATO,Detectado por Adaptive Logic
14:22:52.301,Spatial-Adaptive-v2.0,COIN4,huobi->kraken,0,7334%,0,0000,RADAR,CANDIDATO,Detectado por Adaptive Logic
14:22:52.301,Spatial-Adaptive-v2.0,COIN5,huobi->mexc,3,3515%,0,0000,RADAR,CANDIDATO,Detectado por Adaptive Logic
14:22:52.301,Spatial-Adaptive-v2.0,COIN23,bybit->mexc,0,2986%,0,0000,RADAR,CANDIDATO,Detectado por Adaptive Logic
14:22:52.301,Spatial-Adaptive-v2.0,COIN4,bybit->kraken,0,3854%,0,0000,RADAR,CANDIDATO,Detectado por Adaptive Logic
14:22:52.301,Spatial-Adaptive-v2.0,COIN17,huobi->binance,0,2902%,0,0000,RADAR,CANDIDATO,Detectado por Adaptive Logic
14:22:52.301,Spatial-Adaptive-v2.0,COIN1,mexc->kraken,0,3299%,0,0000,RADAR,CANDIDATO,Detectado por Adaptive Logic
14:22:52.301,Spatial-Adaptive-v2.0,COIN5,bybit->mexc,2,9792%,0,0000,RADAR,CANDIDATO,Detectado por Adaptive Logic
14:22:52.301,Spatial-Adaptive-v2.0,COIN4,kraken->binance,0,7327%,0,0000,RADAR,CANDIDATO,Detectado por Adaptive Logic
14:22:52.301,Spatial-Adaptive-v2.0,COIN23,mexc->binance,0,1499%,0,0000,RADAR,CANDIDATO,Detectado por Adaptive Logic
14:22:52.301,Spatial-Adaptive-v2.0,COIN17,okx->huobi,0,9854%,0,0000,RADAR,CANDIDATO,Detectado por Adaptive Logic
14:22:52.301,Spatial-Adaptive-v2.0,COIN1,mexc->gateio,1,4853%,0,0000,RADAR,CANDIDATO,Detectado por Adaptive Logic
14:22:52.301,Spatial-Adaptive-v2.0,COIN5,binance->mexc,3,6322%,0,0000,RADAR,CANDIDATO,Detectado por Adaptive Logic
14:22:52.302,Spatial-Adaptive-v2.0,COIN4,kraken->okx,0,3818%,0,0000,RADAR,CANDIDATO,Detectado por Adaptive Logic
14:22:52.302,Spatial-Adaptive-v2.0,COIN23,mexc->okx,0,7400%,0,0000,RADAR,CANDIDATO,Detectado por Adaptive Logic
14:22:52.302,Spatial-Adaptive-v2.0,COIN17,kucoin->huobi,0,9920%,0,0000,RADAR,CANDIDATO,Detectado por Adaptive Logic
14:22:52.302,Spatial-Adaptive-v2.0,COIN1,mexc->huobi,1,5464%,0,0000,RADAR,CANDIDATO,Detectado por Adaptive Logic
14:22:52.302,Spatial-Adaptive-v2.0,COIN5,okx->mexc,2,1713%,0,0000,RADAR,CANDIDATO,Detectado por Adaptive Logic
14:22:52.302,Spatial-Adaptive-v2.0,COIN4,kucoin->kraken,0,3062%,0,0000,RADAR,CANDIDATO,Detectado por Adaptive Logic
14:22:52.302,Spatial-Adaptive-v2.0,COIN23,mexc->kucoin,1,1958%,0,0000,RADAR,CANDIDATO,Detectado por Adaptive Logic
14:22:52.302,Spatial-Adaptive-v2.0,COIN17,binance->bybit,0,1139%,0,0000,RADAR,CANDIDATO,Detectado por Adaptive Logic
14:22:52.302,Spatial-Adaptive-v2.0,COIN5,kucoin->mexc,2,7355%,0,0000,RADAR,CANDIDATO,Detectado por Adaptive Logic
14:22:52.302,Spatial-Adaptive-v2.0,COIN1,mexc->bybit,1,2807%,0,0000,RADAR,CANDIDATO,Detectado por Adaptive Logic
14:22:52.302,Spatial-Adaptive-v2.0,COIN4,huobi->gateio,0,1980%,0,0000,RADAR,CANDIDATO,Detectado por Adaptive Logic
14:22:52.302,Spatial-Adaptive-v2.0,COIN23,kraken->gateio,2,9320%,0,0000,RADAR,CANDIDATO,Detectado por Adaptive Logic
14:22:52.302,Spatial-Adaptive-v2.0,COIN5,gateio->kraken,0,3300%,0,0000,RADAR,CANDIDATO,Detectado por Adaptive Logic
14:22:52.302,Spatial-Adaptive-v2.0,COIN1,mexc->binance,1,4668%,0,0000,RADAR,CANDIDATO,Detectado por Adaptive Logic
14:22:52.302,Spatial-Adaptive-v2.0,COIN17,okx->bybit,1,3937%,0,0000,RADAR,CANDIDATO,Detectado por Adaptive Logic
14:22:52.302,Spatial-Adaptive-v2.0,COIN4,gateio->bybit,0,1484%,0,0000,RADAR,CANDIDATO,Detectado por Adaptive Logic
14:22:52.302,Spatial-Adaptive-v2.0,COIN23,kraken->huobi,0,0938%,0,0000,RADAR,CANDIDATO,Detectado por Adaptive Logic
14:22:52.302,Spatial-Adaptive-v2.0,COIN5,huobi->kraken,0,5278%,0,0000,RADAR,CANDIDATO,Detectado por Adaptive Logic
14:22:52.302,Spatial-Adaptive-v2.0,COIN1,okx->mexc,0,0350%,0,0000,RADAR,RECHAZADO,Spread menor a umbral adaptativo
14:22:52.302,Spatial-Adaptive-v2.0,COIN17,kucoin->bybit,1,4004%,0,0000,RADAR,CANDIDATO,Detectado por Adaptive Logic
14:22:52.302,Spatial-Adaptive-v2.0,COIN4,gateio->binance,1,2710%,0,0000,RADAR,CANDIDATO,Detectado por Adaptive Logic
14:22:52.302,Spatial-Adaptive-v2.0,COIN23,bybit->kraken,0,9770%,0,0000,RADAR,CANDIDATO,Detectado por Adaptive Logic
14:22:52.302,Spatial-Adaptive-v2.0,COIN5,bybit->kraken,0,1657%,0,0000,RADAR,CANDIDATO,Detectado por Adaptive Logic
14:22:52.302,Spatial-Adaptive-v2.0,COIN1,mexc->kucoin,0,5586%,0,0000,RADAR,CANDIDATO,Detectado por Adaptive Logic
14:22:52.302,Spatial-Adaptive-v2.0,COIN17,okx->binance,1,2784%,0,0000,RADAR,CANDIDATO,Detectado por Adaptive Logic
14:22:52.302,Spatial-Adaptive-v2.0,COIN4,gateio->okx,0,9182%,0,0000,RADAR,CANDIDATO,Detectado por Adaptive Logic
14:22:52.302,Spatial-Adaptive-v2.0,COIN23,binance->kraken,0,5257%,0,0000,RADAR,CANDIDATO,Detectado por Adaptive Logic
14:22:52.302,Spatial-Adaptive-v2.0,COIN5,binance->kraken,0,8008%,0,0000,RADAR,CANDIDATO,Detectado por Adaptive Logic
14:22:52.302,Spatial-Adaptive-v2.0,COIN1,kraken->gateio,1,1516%,0,0000,RADAR,CANDIDATO,Detectado por Adaptive Logic
14:22:52.302,Spatial-Adaptive-v2.0,COIN17,kucoin->binance,1,2851%,0,0000,RADAR,CANDIDATO,Detectado por Adaptive Logic
14:22:52.303,Spatial-Adaptive-v2.0,COIN4,gateio->kucoin,0,2275%,0,0000,RADAR,CANDIDATO,Detectado por Adaptive Logic
14:22:52.303,Spatial-Adaptive-v2.0,COIN5,kraken->okx,0,6240%,0,0000,RADAR,CANDIDATO,Detectado por Adaptive Logic
14:22:52.303,Spatial-Adaptive-v2.0,COIN23,kraken->okx,0,0631%,0,0000,RADAR,CANDIDATO,Detectado por Adaptive Logic
14:22:52.303,Spatial-Adaptive-v2.0,COIN1,kraken->huobi,1,2125%,0,0000,RADAR,CANDIDATO,Detectado por Adaptive Logic
14:22:52.303,Spatial-Adaptive-v2.0,COIN17,kucoin->okx,0,0066%,0,0000,RADAR,RECHAZADO,Spread menor a umbral adaptativo
14:22:52.303,Spatial-Adaptive-v2.0,COIN4,huobi->bybit,0,3467%,0,0000,RADAR,CANDIDATO,Detectado por Adaptive Logic
14:22:52.277,Spatial-Adaptive-v2.0,COIN15,okx->mexc,1,8146%,0,0000,RADAR,CANDIDATO,Detectado por Adaptive Logic
14:22:52.303,Spatial-Adaptive-v2.0,COIN5,kraken->kucoin,0,0715%,0,0000,RADAR,CANDIDATO,Detectado por Adaptive Logic
14:22:52.303,Spatial-Adaptive-v2.0,COIN23,kraken->kucoin,0,5159%,0,0000,RADAR,CANDIDATO,Detectado por Adaptive Logic
14:22:52.303,Spatial-Adaptive-v2.0,COIN1,kraken->bybit,0,9476%,0,0000,RADAR,CANDIDATO,Detectado por Adaptive Logic
14:22:52.303,Spatial-Adaptive-v2.0,COIN4,huobi->binance,1,4715%,0,0000,RADAR,CANDIDATO,Detectado por Adaptive Logic
14:22:52.303,Spatial-Adaptive-v2.0,COIN5,huobi->gateio,0,1971%,0,0000,RADAR,CANDIDATO,Detectado por Adaptive Logic
14:22:52.303,Spatial-Adaptive-v2.0,COIN15,kucoin->mexc,0,5111%,0,0000,RADAR,CANDIDATO,Detectado por Adaptive Logic
14:22:52.303,Spatial-Adaptive-v2.0,COIN4,huobi->okx,1,1180%,0,0000,RADAR,CANDIDATO,Detectado por Adaptive Logic
14:22:52.277,Spatial-Adaptive-v2.0,COIN43,mexc->gateio,0,6650%,0,0000,RADAR,CANDIDATO,Detectado por Adaptive Logic
14:22:52.303,Spatial-Adaptive-v2.0,COIN5,gateio->bybit,0,1640%,0,0000,RADAR,CANDIDATO,Detectado por Adaptive Logic
14:22:52.303,Spatial-Adaptive-v2.0,COIN15,kraken->gateio,0,7317%,0,0000,RADAR,CANDIDATO,Detectado por Adaptive Logic
14:22:52.303,Spatial-Adaptive-v2.0,COIN4,huobi->kucoin,0,4259%,0,0000,RADAR,CANDIDATO,Detectado por Adaptive Logic
14:22:52.303,Spatial-Adaptive-v2.0,COIN43,mexc->huobi,0,5775%,0,0000,RADAR,CANDIDATO,Detectado por Adaptive Logic
14:22:52.303,Spatial-Adaptive-v2.0,COIN5,binance->gateio,0,4693%,0,0000,RADAR,CANDIDATO,Detectado por Adaptive Logic
14:22:52.303,Spatial-Adaptive-v2.0,COIN15,kraken->huobi,0,8040%,0,0000,RADAR,CANDIDATO,Detectado por Adaptive Logic
14:22:52.303,Spatial-Adaptive-v2.0,COIN4,bybit->binance,1,1209%,0,0000,RADAR,CANDIDATO,Detectado por Adaptive Logic
14:22:52.303,Spatial-Adaptive-v2.0,COIN43,mexc->bybit,0,0039%,0,0000,RADAR,RECHAZADO,Spread menor a umbral adaptativo
14:22:52.303,Spatial-Adaptive-v2.0,COIN5,gateio->okx,0,9561%,0,0000,RADAR,CANDIDATO,Detectado por Adaptive Logic
14:22:52.303,Spatial-Adaptive-v2.0,COIN15,kraken->bybit,0,1878%,0,0000,RADAR,CANDIDATO,Detectado por Adaptive Logic
14:22:52.304,Spatial-Adaptive-v2.0,COIN4,bybit->okx,0,7687%,0,0000,RADAR,CANDIDATO,Detectado por Adaptive Logic
14:22:52.304,Spatial-Adaptive-v2.0,COIN43,mexc->binance,0,3780%,0,0000,RADAR,CANDIDATO,Detectado por Adaptive Logic
14:22:52.304,Spatial-Adaptive-v2.0,COIN5,gateio->kucoin,0,4017%,0,0000,RADAR,CANDIDATO,Detectado por Adaptive Logic
14:22:52.304,Spatial-Adaptive-v2.0,COIN15,kraken->binance,3,7450%,0,0000,RADAR,CANDIDATO,Detectado por Adaptive Logic
14:22:52.278,Spatial-Adaptive-v2.0,COIN46,mexc->okx,0,5774%,0,0000,RADAR,CANDIDATO,Detectado por Adaptive Logic
14:22:52.304,Spatial-Adaptive-v2.0,COIN43,mexc->okx,0,6757%,0,0000,RADAR,CANDIDATO,Detectado por Adaptive Logic
14:22:52.304,Spatial-Adaptive-v2.0,COIN5,huobi->bybit,0,3615%,0,0000,RADAR,CANDIDATO,Detectado por Adaptive Logic
14:22:52.304,Spatial-Adaptive-v2.0,COIN15,okx->kraken,0,2647%,0,0000,RADAR,CANDIDATO,Detectado por Adaptive Logic
14:22:52.304,Spatial-Adaptive-v2.0,COIN43,mexc->kucoin,0,5330%,0,0000,RADAR,CANDIDATO,Detectado por Adaptive Logic
14:22:52.304,Spatial-Adaptive-v2.0,COIN46,mexc->kucoin,0,0272%,0,0000,RADAR,RECHAZADO,Spread menor a umbral adaptativo
14:22:52.304,Spatial-Adaptive-v2.0,COIN15,kraken->kucoin,1,0295%,0,0000,RADAR,CANDIDATO,Detectado por Adaptive Logic
14:22:52.304,Spatial-Adaptive-v2.0,COIN43,kraken->gateio,0,8274%,0,0000,RADAR,CANDIDATO,Detectado por Adaptive Logic
14:22:52.304,Spatial-Adaptive-v2.0,COIN46,gateio->kraken,2,6478%,0,0000,RADAR,CANDIDATO,Detectado por Adaptive Logic
14:22:52.304,Spatial-Adaptive-v2.0,COIN15,gateio->huobi,0,0718%,0,0000,RADAR,CANDIDATO,Detectado por Adaptive Logic
14:22:52.304,Spatial-Adaptive-v2.0,COIN43,kraken->huobi,0,7397%,0,0000,RADAR,CANDIDATO,Detectado por Adaptive Logic
14:22:52.265,SPATIAL_SIMPLE,COIN28,huobi->kraken,4,0397%,0,0000,RADAR,CANDIDATO,Pasa filtro de spread bruto
14:22:52.304,Spatial-Adaptive-v2.0,COIN46,huobi->kraken,3,3942%,0,0000,RADAR,CANDIDATO,Detectado por Adaptive Logic
14:22:52.304,Spatial-Adaptive-v2.0,COIN43,kraken->bybit,0,1652%,0,0000,RADAR,CANDIDATO,Detectado por Adaptive Logic
14:22:52.304,Spatial-Adaptive-v2.0,COIN46,bybit->kraken,2,8212%,0,0000,RADAR,CANDIDATO,Detectado por Adaptive Logic
14:22:52.304,Spatial-Adaptive-v2.0,COIN28,mexc->kraken,3,3521%,0,0000,RADAR,CANDIDATO,Detectado por Adaptive Logic
14:22:52.305,Spatial-Adaptive-v2.0,COIN43,kraken->binance,0,5399%,0,0000,RADAR,CANDIDATO,Detectado por Adaptive Logic
14:22:52.305,Spatial-Adaptive-v2.0,COIN46,binance->kraken,3,6253%,0,0000,RADAR,CANDIDATO,Detectado por Adaptive Logic
14:22:52.305,Spatial-Adaptive-v2.0,COIN28,gateio->mexc,0,3697%,0,0000,RADAR,CANDIDATO,Detectado por Adaptive Logic
14:22:52.305,Spatial-Adaptive-v2.0,COIN46,okx->kraken,3,3065%,0,0000,RADAR,CANDIDATO,Detectado por Adaptive Logic
14:22:52.305,Spatial-Adaptive-v2.0,COIN43,kraken->okx,0,8381%,0,0000,RADAR,CANDIDATO,Detectado por Adaptive Logic
14:22:52.305,Spatial-Adaptive-v2.0,COIN28,huobi->mexc,0,6653%,0,0000,RADAR,CANDIDATO,Detectado por Adaptive Logic
14:22:52.305,Spatial-Adaptive-v2.0,COIN46,kucoin->kraken,3,8747%,0,0000,RADAR,CANDIDATO,Detectado por Adaptive Logic
14:22:52.305,Spatial-Adaptive-v2.0,COIN43,kraken->kucoin,0,6952%,0,0000,RADAR,CANDIDATO,Detectado por Adaptive Logic
14:22:52.305,Spatial-Adaptive-v2.0,COIN28,mexc->bybit,0,1069%,0,0000,RADAR,CANDIDATO,Detectado por Adaptive Logic
14:22:52.305,Spatial-Adaptive-v2.0,COIN46,huobi->gateio,0,7271%,0,0000,RADAR,CANDIDATO,Detectado por Adaptive Logic
14:22:52.305,Spatial-Adaptive-v2.0,COIN28,mexc->binance,1,0514%,0,0000,RADAR,CANDIDATO,Detectado por Adaptive Logic
14:22:52.305,Spatial-Adaptive-v2.0,COIN46,bybit->gateio,0,1689%,0,0000,RADAR,CANDIDATO,Detectado por Adaptive Logic
14:22:52.303,Spatial-Adaptive-v2.0,COIN1,kraken->binance,1,1332%,0,0000,RADAR,CANDIDATO,Detectado por Adaptive Logic
14:22:52.305,Spatial-Adaptive-v2.0,COIN28,okx->mexc,0,2085%,0,0000,RADAR,CANDIDATO,Detectado por Adaptive Logic
14:22:52.305,Spatial-Adaptive-v2.0,COIN46,binance->gateio,0,9523%,0,0000,RADAR,CANDIDATO,Detectado por Adaptive Logic
14:22:52.305,Spatial-Adaptive-v2.0,COIN1,okx->kraken,0,3650%,0,0000,RADAR,CANDIDATO,Detectado por Adaptive Logic
14:22:52.305,Spatial-Adaptive-v2.0,COIN28,kucoin->mexc,0,5656%,0,0000,RADAR,CANDIDATO,Detectado por Adaptive Logic
14:22:52.306,Spatial-Adaptive-v2.0,COIN46,okx->gateio,0,6417%,0,0000,RADAR,CANDIDATO,Detectado por Adaptive Logic
14:22:52.306,Spatial-Adaptive-v2.0,COIN28,gateio->kraken,3,7342%,0,0000,RADAR,CANDIDATO,Detectado por Adaptive Logic
14:22:52.306,Spatial-Adaptive-v2.0,COIN1,kraken->kucoin,0,2280%,0,0000,RADAR,CANDIDATO,Detectado por Adaptive Logic
14:22:52.306,Spatial-Adaptive-v2.0,COIN46,kucoin->gateio,1,1952%,0,0000,RADAR,CANDIDATO,Detectado por Adaptive Logic
14:22:52.306,Spatial-Adaptive-v2.0,COIN28,huobi->kraken,4,0397%,0,0000,RADAR,CANDIDATO,Detectado por Adaptive Logic
14:22:52.306,Spatial-Adaptive-v2.0,COIN1,gateio->huobi,0,0602%,0,0000,RADAR,CANDIDATO,Detectado por Adaptive Logic
14:22:52.306,Spatial-Adaptive-v2.0,COIN28,bybit->kraken,3,2417%,0,0000,RADAR,CANDIDATO,Detectado por Adaptive Logic
14:22:52.306,Spatial-Adaptive-v2.0,COIN46,huobi->bybit,0,5573%,0,0000,RADAR,CANDIDATO,Detectado por Adaptive Logic
14:22:52.306,Spatial-Adaptive-v2.0,COIN1,bybit->gateio,0,2020%,0,0000,RADAR,CANDIDATO,Detectado por Adaptive Logic
14:22:52.306,Spatial-Adaptive-v2.0,COIN28,binance->kraken,2,2767%,0,0000,RADAR,CANDIDATO,Detectado por Adaptive Logic
14:22:52.280,Spatial-Adaptive-v2.0,COIN7,bybit->kraken,0,8290%,0,0000,RADAR,CANDIDATO,Detectado por Adaptive Logic
14:22:52.306,Spatial-Adaptive-v2.0,COIN1,binance->gateio,0,0182%,0,0000,RADAR,RECHAZADO,Spread menor a umbral adaptativo
14:22:52.306,Spatial-Adaptive-v2.0,COIN28,okx->kraken,3,5676%,0,0000,RADAR,CANDIDATO,Detectado por Adaptive Logic
14:22:52.306,Spatial-Adaptive-v2.0,COIN7,kraken->binance,0,6297%,0,0000,RADAR,CANDIDATO,Detectado por Adaptive Logic
14:22:52.306,Spatial-Adaptive-v2.0,COIN1,okx->gateio,1,5208%,0,0000,RADAR,CANDIDATO,Detectado por Adaptive Logic
14:22:52.306,Spatial-Adaptive-v2.0,COIN28,kucoin->kraken,3,9367%,0,0000,RADAR,CANDIDATO,Detectado por Adaptive Logic
14:22:52.306,Spatial-Adaptive-v2.0,COIN7,okx->kraken,0,3208%,0,0000,RADAR,CANDIDATO,Detectado por Adaptive Logic
14:22:52.306,Spatial-Adaptive-v2.0,COIN1,kucoin->gateio,0,9215%,0,0000,RADAR,CANDIDATO,Detectado por Adaptive Logic
14:22:52.307,Spatial-Adaptive-v2.0,COIN28,huobi->gateio,0,2945%,0,0000,RADAR,CANDIDATO,Detectado por Adaptive Logic
14:22:52.305,Spatial-Adaptive-v2.0,COIN43,huobi->gateio,0,0870%,0,0000,RADAR,CANDIDATO,Detectado por Adaptive Logic
14:22:52.307,Spatial-Adaptive-v2.0,COIN7,kucoin->kraken,0,7284%,0,0000,RADAR,CANDIDATO,Detectado por Adaptive Logic
14:22:52.307,Spatial-Adaptive-v2.0,COIN28,gateio->bybit,0,4770%,0,0000,RADAR,CANDIDATO,Detectado por Adaptive Logic
14:22:52.307,Spatial-Adaptive-v2.0,COIN1,bybit->huobi,0,2624%,0,0000,RADAR,CANDIDATO,Detectado por Adaptive Logic
14:22:52.307,Spatial-Adaptive-v2.0,COIN43,bybit->gateio,0,6611%,0,0000,RADAR,CANDIDATO,Detectado por Adaptive Logic
14:22:52.307,Spatial-Adaptive-v2.0,COIN7,huobi->gateio,3,4038%,0,0000,RADAR,CANDIDATO,Detectado por Adaptive Logic
14:22:52.307,Spatial-Adaptive-v2.0,COIN28,gateio->binance,1,4250%,0,0000,RADAR,CANDIDATO,Detectado por Adaptive Logic
14:22:52.307,Spatial-Adaptive-v2.0,COIN1,binance->huobi,0,0784%,0,0000,RADAR,CANDIDATO,Detectado por Adaptive Logic
14:22:52.307,Spatial-Adaptive-v2.0,COIN43,binance->gateio,0,2860%,0,0000,RADAR,CANDIDATO,Detectado por Adaptive Logic
14:22:52.307,Spatial-Adaptive-v2.0,COIN7,bybit->gateio,3,8071%,0,0000,RADAR,CANDIDATO,Detectado por Adaptive Logic
14:22:52.304,Spatial-Adaptive-v2.0,COIN5,binance->huobi,0,2716%,0,0000,RADAR,CANDIDATO,Detectado por Adaptive Logic
14:22:52.307,Spatial-Adaptive-v2.0,COIN1,okx->huobi,1,5819%,0,0000,RADAR,CANDIDATO,Detectado por Adaptive Logic
14:22:52.307,Spatial-Adaptive-v2.0,COIN7,binance->gateio,2,3093%,0,0000,RADAR,CANDIDATO,Detectado por Adaptive Logic
14:22:52.307,Spatial-Adaptive-v2.0,COIN43,gateio->okx,0,0105%,0,0000,RADAR,RECHAZADO,Spread menor a umbral adaptativo
14:22:52.307,Spatial-Adaptive-v2.0,COIN5,huobi->okx,1,1551%,0,0000,RADAR,CANDIDATO,Detectado por Adaptive Logic
14:22:52.307,Spatial-Adaptive-v2.0,COIN1,kucoin->huobi,0,9823%,0,0000,RADAR,CANDIDATO,Detectado por Adaptive Logic
14:22:52.307,Spatial-Adaptive-v2.0,COIN7,okx->gateio,3,2838%,0,0000,RADAR,CANDIDATO,Detectado por Adaptive Logic
14:22:52.307,Spatial-Adaptive-v2.0,COIN43,kucoin->gateio,0,1313%,0,0000,RADAR,CANDIDATO,Detectado por Adaptive Logic
14:22:52.307,Spatial-Adaptive-v2.0,COIN5,huobi->kucoin,0,5996%,0,0000,RADAR,CANDIDATO,Detectado por Adaptive Logic
14:22:52.307,Spatial-Adaptive-v2.0,COIN1,bybit->binance,0,1838%,0,0000,RADAR,CANDIDATO,Detectado por Adaptive Logic
14:22:52.307,Spatial-Adaptive-v2.0,COIN7,kucoin->gateio,3,7035%,0,0000,RADAR,CANDIDATO,Detectado por Adaptive Logic
14:22:52.307,Spatial-Adaptive-v2.0,COIN5,binance->bybit,0,6341%,0,0000,RADAR,CANDIDATO,Detectado por Adaptive Logic
14:22:52.307,Spatial-Adaptive-v2.0,COIN43,bybit->huobi,0,5736%,0,0000,RADAR,CANDIDATO,Detectado por Adaptive Logic
14:22:52.308,Spatial-Adaptive-v2.0,COIN1,okx->bybit,1,3161%,0,0000,RADAR,CANDIDATO,Detectado por Adaptive Logic
14:22:52.308,Spatial-Adaptive-v2.0,COIN5,bybit->okx,0,7908%,0,0000,RADAR,CANDIDATO,Detectado por Adaptive Logic
14:22:52.308,Spatial-Adaptive-v2.0,COIN7,bybit->huobi,0,3900%,0,0000,RADAR,CANDIDATO,Detectado por Adaptive Logic
14:22:52.308,Spatial-Adaptive-v2.0,COIN43,binance->huobi,0,1987%,0,0000,RADAR,CANDIDATO,Detectado por Adaptive Logic
14:22:52.308,Spatial-Adaptive-v2.0,COIN7,huobi->binance,1,0698%,0,0000,RADAR,CANDIDATO,Detectado por Adaptive Logic
14:22:52.308,Spatial-Adaptive-v2.0,COIN1,kucoin->bybit,0,7180%,0,0000,RADAR,CANDIDATO,Detectado por Adaptive Logic
14:22:52.308,Spatial-Adaptive-v2.0,COIN43,huobi->okx,0,0976%,0,0000,RADAR,CANDIDATO,Detectado por Adaptive Logic
14:22:52.308,Spatial-Adaptive-v2.0,COIN7,huobi->okx,0,1162%,0,0000,RADAR,CANDIDATO,Detectado por Adaptive Logic
14:22:52.260,SPATIAL_SIMPLE,COIN25,okx->kraken,3,9315%,0,0000,RADAR,CANDIDATO,Pasa filtro de spread bruto
14:22:52.308,Spatial-Adaptive-v2.0,COIN43,kucoin->huobi,0,0442%,0,0000,RADAR,RECHAZADO,Spread menor a umbral adaptativo
14:22:52.308,Spatial-Adaptive-v2.0,COIN1,okx->binance,1,5024%,0,0000,RADAR,CANDIDATO,Detectado por Adaptive Logic
14:22:52.308,Spatial-Adaptive-v2.0,COIN7,kucoin->huobi,0,2898%,0,0000,RADAR,CANDIDATO,Detectado por Adaptive Logic
14:22:52.301,Spatial-Adaptive-v2.0,COIN34,kraken->okx,0,2018%,0,0000,RADAR,CANDIDATO,Detectado por Adaptive Logic
14:22:52.308,Spatial-Adaptive-v2.0,COIN43,bybit->binance,0,3741%,0,0000,RADAR,CANDIDATO,Detectado por Adaptive Logic
14:22:52.308,Spatial-Adaptive-v2.0,COIN1,kucoin->binance,0,9032%,0,0000,RADAR,CANDIDATO,Detectado por Adaptive Logic
14:22:52.308,Spatial-Adaptive-v2.0,COIN25,mexc->kraken,2,4648%,0,0000,RADAR,CANDIDATO,Detectado por Adaptive Logic
14:22:52.308,Spatial-Adaptive-v2.0,COIN7,bybit->binance,1,4640%,0,0000,RADAR,CANDIDATO,Detectado por Adaptive Logic
14:22:52.308,Spatial-Adaptive-v2.0,COIN34,kraken->kucoin,0,0141%,0,0000,RADAR,RECHAZADO,Spread menor a umbral adaptativo
14:22:52.308,Spatial-Adaptive-v2.0,COIN43,bybit->okx,0,6717%,0,0000,RADAR,CANDIDATO,Detectado por Adaptive Logic
14:22:52.308,Spatial-Adaptive-v2.0,COIN1,okx->kucoin,0,5938%,0,0000,RADAR,CANDIDATO,Detectado por Adaptive Logic
14:22:52.308,Spatial-Adaptive-v2.0,COIN25,gateio->mexc,1,3257%,0,0000,RADAR,CANDIDATO,Detectado por Adaptive Logic
14:22:52.308,Spatial-Adaptive-v2.0,COIN7,bybit->okx,0,5067%,0,0000,RADAR,CANDIDATO,Detectado por Adaptive Logic
14:22:52.283,Spatial-Adaptive-v2.0,COIN22,huobi->gateio,0,1857%,0,0000,RADAR,CANDIDATO,Detectado por Adaptive Logic
14:22:52.308,Spatial-Adaptive-v2.0,COIN34,gateio->huobi,0,5489%,0,0000,RADAR,CANDIDATO,Detectado por Adaptive Logic
14:22:52.308,Spatial-Adaptive-v2.0,COIN43,bybit->kucoin,0,5291%,0,0000,RADAR,CANDIDATO,Detectado por Adaptive Logic
14:22:52.308,Spatial-Adaptive-v2.0,COIN25,mexc->huobi,0,4462%,0,0000,RADAR,CANDIDATO,Detectado por Adaptive Logic
14:22:52.308,Spatial-Adaptive-v2.0,COIN7,bybit->kucoin,0,0999%,0,0000,RADAR,CANDIDATO,Detectado por Adaptive Logic
14:22:52.309,Spatial-Adaptive-v2.0,COIN22,gateio->bybit,0,7235%,0,0000,RADAR,CANDIDATO,Detectado por Adaptive Logic
14:22:52.309,Spatial-Adaptive-v2.0,COIN34,gateio->bybit,0,4474%,0,0000,RADAR,CANDIDATO,Detectado por Adaptive Logic
14:22:52.309,Spatial-Adaptive-v2.0,COIN43,binance->okx,0,2965%,0,0000,RADAR,CANDIDATO,Detectado por Adaptive Logic
14:22:52.309,Spatial-Adaptive-v2.0,COIN25,bybit->mexc,0,3584%,0,0000,RADAR,CANDIDATO,Detectado por Adaptive Logic
14:22:52.309,Spatial-Adaptive-v2.0,COIN7,okx->binance,0,9525%,0,0000,RADAR,CANDIDATO,Detectado por Adaptive Logic
14:22:52.309,Spatial-Adaptive-v2.0,COIN22,binance->gateio,0,1897%,0,0000,RADAR,CANDIDATO,Detectado por Adaptive Logic
14:22:52.309,Spatial-Adaptive-v2.0,COIN34,binance->gateio,0,0405%,0,0000,RADAR,RECHAZADO,Spread menor a umbral adaptativo
14:22:52.309,Spatial-Adaptive-v2.0,COIN25,binance->mexc,0,2945%,0,0000,RADAR,CANDIDATO,Detectado por Adaptive Logic
14:22:52.309,Spatial-Adaptive-v2.0,COIN43,binance->kucoin,0,1544%,0,0000,RADAR,CANDIDATO,Detectado por Adaptive Logic
14:22:52.309,Spatial-Adaptive-v2.0,COIN7,kucoin->binance,1,3627%,0,0000,RADAR,CANDIDATO,Detectado por Adaptive Logic
14:22:52.309,Spatial-Adaptive-v2.0,COIN22,gateio->okx,0,2490%,0,0000,RADAR,CANDIDATO,Detectado por Adaptive Logic
14:22:52.309,Spatial-Adaptive-v2.0,COIN43,kucoin->okx,0,1419%,0,0000,RADAR,CANDIDATO,Detectado por Adaptive Logic
14:22:52.309,Spatial-Adaptive-v2.0,COIN34,okx->gateio,0,6764%,0,0000,RADAR,CANDIDATO,Detectado por Adaptive Logic
14:22:52.309,Spatial-Adaptive-v2.0,COIN25,okx->mexc,1,4314%,0,0000,RADAR,CANDIDATO,Detectado por Adaptive Logic
14:22:52.309,Spatial-Adaptive-v2.0,COIN7,kucoin->okx,0,4063%,0,0000,RADAR,CANDIDATO,Detectado por Adaptive Logic
14:22:52.284,Spatial-Adaptive-v2.0,COIN9,binance->bybit,0,2660%,0,0000,RADAR,CANDIDATO,Detectado por Adaptive Logic
14:22:52.307,Spatial-Adaptive-v2.0,COIN28,gateio->okx,0,1608%,0,0000,RADAR,CANDIDATO,Detectado por Adaptive Logic
14:22:52.284,Spatial-Adaptive-v2.0,COIN3,kraken->gateio,2,8389%,0,0000,RADAR,CANDIDATO,Detectado por Adaptive Logic
14:22:52.309,Spatial-Adaptive-v2.0,COIN22,gateio->kucoin,0,4543%,0,0000,RADAR,CANDIDATO,Detectado por Adaptive Logic
14:22:52.309,Spatial-Adaptive-v2.0,COIN34,kucoin->gateio,0,8652%,0,0000,RADAR,CANDIDATO,Detectado por Adaptive Logic
14:22:52.309,Spatial-Adaptive-v2.0,COIN28,kucoin->gateio,0,1952%,0,0000,RADAR,CANDIDATO,Detectado por Adaptive Logic
14:22:52.309,Spatial-Adaptive-v2.0,COIN3,kraken->huobi,0,2032%,0,0000,RADAR,CANDIDATO,Detectado por Adaptive Logic
14:22:52.309,Spatial-Adaptive-v2.0,COIN9,bybit->okx,2,1218%,0,0000,RADAR,CANDIDATO,Detectado por Adaptive Logic
14:22:52.309,Spatial-Adaptive-v2.0,COIN34,bybit->huobi,0,1011%,0,0000,RADAR,CANDIDATO,Detectado por Adaptive Logic
14:22:52.309,Spatial-Adaptive-v2.0,COIN28,huobi->bybit,0,7729%,0,0000,RADAR,CANDIDATO,Detectado por Adaptive Logic
14:22:52.309,Spatial-Adaptive-v2.0,COIN22,huobi->bybit,0,9105%,0,0000,RADAR,CANDIDATO,Detectado por Adaptive Logic
14:22:52.283,Spatial-Adaptive-v2.0,COIN20,huobi->kucoin,1,5638%,0,0000,RADAR,CANDIDATO,Detectado por Adaptive Logic
14:22:52.309,Spatial-Adaptive-v2.0,COIN9,kucoin->bybit,0,2024%,0,0000,RADAR,CANDIDATO,Detectado por Adaptive Logic
14:22:52.309,Spatial-Adaptive-v2.0,COIN34,binance->huobi,0,5896%,0,0000,RADAR,CANDIDATO,Detectado por Adaptive Logic
14:22:52.309,Spatial-Adaptive-v2.0,COIN28,huobi->binance,1,7237%,0,0000,RADAR,CANDIDATO,Detectado por Adaptive Logic
14:22:52.309,Spatial-Adaptive-v2.0,COIN22,binance->huobi,0,0040%,0,0000,RADAR,RECHAZADO,Spread menor a umbral adaptativo
14:22:52.310,Spatial-Adaptive-v2.0,COIN20,binance->bybit,0,4959%,0,0000,RADAR,CANDIDATO,Detectado por Adaptive Logic
14:22:52.310,Spatial-Adaptive-v2.0,COIN9,binance->okx,2,3935%,0,0000,RADAR,CANDIDATO,Detectado por Adaptive Logic
14:22:52.310,Spatial-Adaptive-v2.0,COIN34,okx->huobi,1,2290%,0,0000,RADAR,CANDIDATO,Detectado por Adaptive Logic
14:22:52.310,Spatial-Adaptive-v2.0,COIN28,huobi->okx,0,4558%,0,0000,RADAR,CANDIDATO,Detectado por Adaptive Logic
14:22:52.310,Spatial-Adaptive-v2.0,COIN22,huobi->okx,0,4351%,0,0000,RADAR,CANDIDATO,Detectado por Adaptive Logic
14:22:52.310,Spatial-Adaptive-v2.0,COIN20,okx->bybit,0,0796%,0,0000,RADAR,CANDIDATO,Detectado por Adaptive Logic
14:22:52.310,Spatial-Adaptive-v2.0,COIN9,binance->kucoin,0,0635%,0,0000,RADAR,CANDIDATO,Detectado por Adaptive Logic
14:22:52.310,Spatial-Adaptive-v2.0,COIN28,huobi->kucoin,0,0991%,0,0000,RADAR,CANDIDATO,Detectado por Adaptive Logic
14:22:52.310,Spatial-Adaptive-v2.0,COIN34,kucoin->huobi,1,4189%,0,0000,RADAR,CANDIDATO,Detectado por Adaptive Logic
14:22:52.310,Spatial-Adaptive-v2.0,COIN20,bybit->kucoin,1,1034%,0,0000,RADAR,CANDIDATO,Detectado por Adaptive Logic
14:22:52.310,Spatial-Adaptive-v2.0,COIN22,huobi->kucoin,0,6409%,0,0000,RADAR,CANDIDATO,Detectado por Adaptive Logic
14:22:52.310,Spatial-Adaptive-v2.0,COIN9,kucoin->okx,2,3286%,0,0000,RADAR,CANDIDATO,Detectado por Adaptive Logic
14:22:52.310,Spatial-Adaptive-v2.0,COIN28,bybit->binance,0,9435%,0,0000,RADAR,CANDIDATO,Detectado por Adaptive Logic
14:22:52.310,Spatial-Adaptive-v2.0,COIN34,binance->bybit,0,4880%,0,0000,RADAR,CANDIDATO,Detectado por Adaptive Logic
14:22:52.310,Spatial-Adaptive-v2.0,COIN20,binance->okx,0,4160%,0,0000,RADAR,CANDIDATO,Detectado por Adaptive Logic
14:22:52.310,Spatial-Adaptive-v2.0,COIN22,binance->bybit,0,9145%,0,0000,RADAR,CANDIDATO,Detectado por Adaptive Logic
14:22:52.269,SPATIAL_SIMPLE,COIN39,binance->gateio,1,1980%,0,0000,RADAR,CANDIDATO,Pasa filtro de spread bruto
14:22:52.310,Spatial-Adaptive-v2.0,COIN28,okx->bybit,0,3157%,0,0000,RADAR,CANDIDATO,Detectado por Adaptive Logic
14:22:52.310,Spatial-Adaptive-v2.0,COIN34,okx->bybit,1,1268%,0,0000,RADAR,CANDIDATO,Detectado por Adaptive Logic
14:22:52.310,Spatial-Adaptive-v2.0,COIN20,binance->kucoin,1,6047%,0,0000,RADAR,CANDIDATO,Detectado por Adaptive Logic
14:22:52.310,Spatial-Adaptive-v2.0,COIN22,okx->bybit,0,4733%,0,0000,RADAR,CANDIDATO,Detectado por Adaptive Logic
14:22:52.310,Spatial-Adaptive-v2.0,COIN28,kucoin->bybit,0,6731%,0,0000,RADAR,CANDIDATO,Detectado por Adaptive Logic
14:22:52.310,Spatial-Adaptive-v2.0,COIN39,mexc->kraken,0,8375%,0,0000,RADAR,CANDIDATO,Detectado por Adaptive Logic
14:22:52.310,Spatial-Adaptive-v2.0,COIN34,kucoin->bybit,1,3165%,0,0000,RADAR,CANDIDATO,Detectado por Adaptive Logic
14:22:52.310,Spatial-Adaptive-v2.0,COIN20,okx->kucoin,1,1838%,0,0000,RADAR,CANDIDATO,Detectado por Adaptive Logic
14:22:52.310,Spatial-Adaptive-v2.0,COIN22,kucoin->bybit,0,2679%,0,0000,RADAR,CANDIDATO,Detectado por Adaptive Logic
14:22:52.286,Spatial-Adaptive-v2.0,COIN27,binance->mexc,0,0578%,0,0000,RADAR,CANDIDATO,Detectado por Adaptive Logic
14:22:52.310,Spatial-Adaptive-v2.0,COIN28,okx->binance,1,2622%,0,0000,RADAR,CANDIDATO,Detectado por Adaptive Logic
14:22:52.310,Spatial-Adaptive-v2.0,COIN34,okx->binance,0,6356%,0,0000,RADAR,CANDIDATO,Detectado por Adaptive Logic
14:22:52.310,Spatial-Adaptive-v2.0,COIN39,mexc->gateio,1,1638%,0,0000,RADAR,CANDIDATO,Detectado por Adaptive Logic
14:22:52.311,Spatial-Adaptive-v2.0,COIN22,binance->okx,0,4391%,0,0000,RADAR,CANDIDATO,Detectado por Adaptive Logic
14:22:52.311,Spatial-Adaptive-v2.0,COIN27,okx->mexc,0,3136%,0,0000,RADAR,CANDIDATO,Detectado por Adaptive Logic
14:22:52.311,Spatial-Adaptive-v2.0,COIN28,kucoin->binance,1,6230%,0,0000,RADAR,CANDIDATO,Detectado por Adaptive Logic
14:22:52.311,Spatial-Adaptive-v2.0,COIN34,kucoin->binance,0,8245%,0,0000,RADAR,CANDIDATO,Detectado por Adaptive Logic
14:22:52.311,Spatial-Adaptive-v2.0,COIN39,mexc->huobi,0,6900%,0,0000,RADAR,CANDIDATO,Detectado por Adaptive Logic
14:22:52.311,Spatial-Adaptive-v2.0,COIN22,binance->kucoin,0,6449%,0,0000,RADAR,CANDIDATO,Detectado por Adaptive Logic
14:22:52.311,Spatial-Adaptive-v2.0,COIN27,kucoin->mexc,0,2761%,0,0000,RADAR,CANDIDATO,Detectado por Adaptive Logic
14:22:52.311,Spatial-Adaptive-v2.0,COIN28,kucoin->okx,0,3563%,0,0000,RADAR,CANDIDATO,Detectado por Adaptive Logic
14:22:52.267,SPATIAL_SIMPLE,COIN31,bybit->binance,1,9228%,0,0000,RADAR,CANDIDATO,Pasa filtro de spread bruto
14:22:52.311,Spatial-Adaptive-v2.0,COIN34,kucoin->okx,0,1876%,0,0000,RADAR,CANDIDATO,Detectado por Adaptive Logic
14:22:52.311,Spatial-Adaptive-v2.0,COIN39,mexc->bybit,0,8552%,0,0000,RADAR,CANDIDATO,Detectado por Adaptive Logic
14:22:52.311,Spatial-Adaptive-v2.0,COIN22,okx->kucoin,0,2049%,0,0000,RADAR,CANDIDATO,Detectado por Adaptive Logic
14:22:52.311,Spatial-Adaptive-v2.0,COIN27,gateio->kraken,3,4397%,0,0000,RADAR,CANDIDATO,Detectado por Adaptive Logic
14:22:52.288,Spatial-Adaptive-v2.0,COIN48,mexc->binance,3,4016%,0,0000,RADAR,CANDIDATO,Detectado por Adaptive Logic
14:22:52.247,SPATIAL_SIMPLE,COIN13,huobi->okx,0,9879%,0,0000,RADAR,CANDIDATO,Pasa filtro de spread bruto
14:22:52.311,Spatial-Adaptive-v2.0,COIN39,binance->mexc,0,0338%,0,0000,RADAR,RECHAZADO,Spread menor a umbral adaptativo
14:22:52.311,Spatial-Adaptive-v2.0,COIN31,mexc->kraken,0,1161%,0,0000,RADAR,CANDIDATO,Detectado por Adaptive Logic
14:22:52.311,Spatial-Adaptive-v2.0,COIN48,mexc->okx,0,8679%,0,0000,RADAR,CANDIDATO,Detectado por Adaptive Logic
14:22:52.311,Spatial-Adaptive-v2.0,COIN39,mexc->okx,1,1356%,0,0000,RADAR,CANDIDATO,Detectado por Adaptive Logic
14:22:52.311,Spatial-Adaptive-v2.0,COIN13,kraken->mexc,0,2294%,0,0000,RADAR,CANDIDATO,Detectado por Adaptive Logic
14:22:52.311,Spatial-Adaptive-v2.0,COIN48,kucoin->mexc,0,4799%,0,0000,RADAR,CANDIDATO,Detectado por Adaptive Logic
14:22:52.241,SPATIAL_SIMPLE,COIN0,kraken->mexc,3,8674%,0,0000,RADAR,CANDIDATO,Pasa filtro de spread bruto
14:22:52.309,Spatial-Adaptive-v2.0,COIN25,mexc->kucoin,2,4648%,0,0000,RADAR,CANDIDATO,Detectado por Adaptive Logic
14:22:52.311,Spatial-Adaptive-v2.0,COIN39,mexc->kucoin,1,0320%,0,0000,RADAR,CANDIDATO,Detectado por Adaptive Logic
14:22:52.311,Spatial-Adaptive-v2.0,COIN13,mexc->gateio,0,1792%,0,0000,RADAR,CANDIDATO,Detectado por Adaptive Logic
14:22:52.311,Spatial-Adaptive-v2.0,COIN48,kraken->gateio,1,0067%,0,0000,RADAR,CANDIDATO,Detectado por Adaptive Logic
14:22:52.311,Spatial-Adaptive-v2.0,COIN25,gateio->kraken,3,8231%,0,0000,RADAR,CANDIDATO,Detectado por Adaptive Logic
14:22:52.311,Spatial-Adaptive-v2.0,COIN39,kraken->gateio,0,3236%,0,0000,RADAR,CANDIDATO,Detectado por Adaptive Logic
14:22:52.311,Spatial-Adaptive-v2.0,COIN0,kraken->mexc,3,8674%,0,0000,RADAR,CANDIDATO,Detectado por Adaptive Logic
14:22:52.312,Spatial-Adaptive-v2.0,COIN13,huobi->mexc,0,3273%,0,0000,RADAR,CANDIDATO,Detectado por Adaptive Logic
14:22:52.312,Spatial-Adaptive-v2.0,COIN48,kraken->huobi,0,3234%,0,0000,RADAR,CANDIDATO,Detectado por Adaptive Logic
14:22:52.312,Spatial-Adaptive-v2.0,COIN25,huobi->kraken,2,0096%,0,0000,RADAR,CANDIDATO,Detectado por Adaptive Logic
14:22:52.312,Spatial-Adaptive-v2.0,COIN39,huobi->kraken,0,1465%,0,0000,RADAR,CANDIDATO,Detectado por Adaptive Logic
14:22:52.312,Spatial-Adaptive-v2.0,COIN0,gateio->mexc,3,0938%,0,0000,RADAR,CANDIDATO,Detectado por Adaptive Logic
14:22:52.312,Spatial-Adaptive-v2.0,COIN13,mexc->bybit,0,4460%,0,0000,RADAR,CANDIDATO,Detectado por Adaptive Logic
14:22:52.312,Spatial-Adaptive-v2.0,COIN48,kraken->bybit,0,0338%,0,0000,RADAR,RECHAZADO,Spread menor a umbral adaptativo
14:22:52.312,Spatial-Adaptive-v2.0,COIN25,bybit->kraken,2,8320%,0,0000,RADAR,CANDIDATO,Detectado por Adaptive Logic
14:22:52.312,Spatial-Adaptive-v2.0,COIN39,kraken->bybit,0,0175%,0,0000,RADAR,RECHAZADO,Spread menor a umbral adaptativo
14:22:52.312,Spatial-Adaptive-v2.0,COIN0,huobi->mexc,3,6526%,0,0000,RADAR,CANDIDATO,Detectado por Adaptive Logic
14:22:52.312,Spatial-Adaptive-v2.0,COIN13,mexc->binance,0,5013%,0,0000,RADAR,CANDIDATO,Detectado por Adaptive Logic
14:22:52.312,Spatial-Adaptive-v2.0,COIN48,kraken->binance,4,0033%,0,0000,RADAR,CANDIDATO,Detectado por Adaptive Logic
14:22:52.312,Spatial-Adaptive-v2.0,COIN25,binance->kraken,2,7665%,0,0000,RADAR,CANDIDATO,Detectado por Adaptive Logic
14:22:52.312,Spatial-Adaptive-v2.0,COIN0,bybit->mexc,2,8544%,0,0000,RADAR,CANDIDATO,Detectado por Adaptive Logic
14:22:52.312,Spatial-Adaptive-v2.0,COIN39,binance->kraken,0,8716%,0,0000,RADAR,CANDIDATO,Detectado por Adaptive Logic
14:22:52.311,Spatial-Adaptive-v2.0,COIN31,mexc->gateio,0,8694%,0,0000,RADAR,CANDIDATO,Detectado por Adaptive Logic
14:22:52.312,Spatial-Adaptive-v2.0,COIN48,kraken->okx,1,4548%,0,0000,RADAR,CANDIDATO,Detectado por Adaptive Logic
14:22:52.312,Spatial-Adaptive-v2.0,COIN39,kraken->okx,0,2956%,0,0000,RADAR,CANDIDATO,Detectado por Adaptive Logic
14:22:52.304,Spatial-Adaptive-v2.0,COIN15,bybit->gateio,0,5429%,0,0000,RADAR,CANDIDATO,Detectado por Adaptive Logic
14:22:52.312,Spatial-Adaptive-v2.0,COIN31,huobi->mexc,0,0113%,0,0000,RADAR,RECHAZADO,Spread menor a umbral adaptativo
14:22:52.312,Spatial-Adaptive-v2.0,COIN48,kraken->kucoin,0,1014%,0,0000,RADAR,CANDIDATO,Detectado por Adaptive Logic
14:22:52.312,Spatial-Adaptive-v2.0,COIN39,kraken->kucoin,0,1928%,0,0000,RADAR,CANDIDATO,Detectado por Adaptive Logic
14:22:52.312,Spatial-Adaptive-v2.0,COIN15,gateio->binance,2,9915%,0,0000,RADAR,CANDIDATO,Detectado por Adaptive Logic
14:22:52.260,SPATIAL_SIMPLE,COIN24,okx->binance,1,3234%,0,0000,RADAR,CANDIDATO,Pasa filtro de spread bruto
14:22:52.312,Spatial-Adaptive-v2.0,COIN31,bybit->mexc,0,7253%,0,0000,RADAR,CANDIDATO,Detectado por Adaptive Logic
14:22:52.312,Spatial-Adaptive-v2.0,COIN48,huobi->gateio,0,6810%,0,0000,RADAR,CANDIDATO,Detectado por Adaptive Logic
14:22:52.312,Spatial-Adaptive-v2.0,COIN15,okx->gateio,0,9983%,0,0000,RADAR,CANDIDATO,Detectado por Adaptive Logic
14:22:52.312,Spatial-Adaptive-v2.0,COIN31,mexc->binance,1,1889%,0,0000,RADAR,CANDIDATO,Detectado por Adaptive Logic
14:22:52.312,Spatial-Adaptive-v2.0,COIN48,bybit->gateio,0,9726%,0,0000,RADAR,CANDIDATO,Detectado por Adaptive Logic
14:22:52.313,Spatial-Adaptive-v2.0,COIN24,kraken->mexc,0,1672%,0,0000,RADAR,CANDIDATO,Detectado por Adaptive Logic
14:22:52.269,SPATIAL_SIMPLE,COIN36,kucoin->binance,3,9027%,0,0000,RADAR,CANDIDATO,Pasa filtro de spread bruto
14:22:52.313,Spatial-Adaptive-v2.0,COIN15,gateio->kucoin,0,2957%,0,0000,RADAR,CANDIDATO,Detectado por Adaptive Logic
14:22:52.313,Spatial-Adaptive-v2.0,COIN31,mexc->okx,0,0908%,0,0000,RADAR,CANDIDATO,Detectado por Adaptive Logic
14:22:52.313,Spatial-Adaptive-v2.0,COIN48,gateio->binance,2,9667%,0,0000,RADAR,CANDIDATO,Detectado por Adaptive Logic
14:22:52.313,Spatial-Adaptive-v2.0,COIN24,mexc->gateio,0,0910%,0,0000,RADAR,CANDIDATO,Detectado por Adaptive Logic
14:22:52.313,Spatial-Adaptive-v2.0,COIN15,bybit->huobi,0,6150%,0,0000,RADAR,CANDIDATO,Detectado por Adaptive Logic
14:22:52.313,Spatial-Adaptive-v2.0,COIN36,kraken->mexc,0,9549%,0,0000,RADAR,CANDIDATO,Detectado por Adaptive Logic
14:22:52.313,Spatial-Adaptive-v2.0,COIN31,kucoin->mexc,0,3275%,0,0000,RADAR,CANDIDATO,Detectado por Adaptive Logic
14:22:52.313,Spatial-Adaptive-v2.0,COIN48,gateio->okx,0,4436%,0,0000,RADAR,CANDIDATO,Detectado por Adaptive Logic
14:22:52.313,Spatial-Adaptive-v2.0,COIN24,huobi->mexc,0,5071%,0,0000,RADAR,CANDIDATO,Detectado por Adaptive Logic
14:22:52.313,Spatial-Adaptive-v2.0,COIN15,huobi->binance,2,9176%,0,0000,RADAR,CANDIDATO,Detectado por Adaptive Logic
14:22:52.313,Spatial-Adaptive-v2.0,COIN36,gateio->mexc,1,5397%,0,0000,RADAR,CANDIDATO,Detectado por Adaptive Logic
14:22:52.313,Spatial-Adaptive-v2.0,COIN31,kraken->gateio,0,7525%,0,0000,RADAR,CANDIDATO,Detectado por Adaptive Logic
14:22:52.313,Spatial-Adaptive-v2.0,COIN48,kucoin->gateio,0,9044%,0,0000,RADAR,CANDIDATO,Detectado por Adaptive Logic
14:22:52.313,Spatial-Adaptive-v2.0,COIN15,okx->huobi,1,0708%,0,0000,RADAR,CANDIDATO,Detectado por Adaptive Logic
14:22:52.313,Spatial-Adaptive-v2.0,COIN24,mexc->bybit,0,1060%,0,0000,RADAR,CANDIDATO,Detectado por Adaptive Logic
14:22:52.312,Spatial-Adaptive-v2.0,COIN25,okx->kraken,3,9315%,0,0000,RADAR,CANDIDATO,Detectado por Adaptive Logic
14:22:52.313,Spatial-Adaptive-v2.0,COIN48,bybit->huobi,0,2895%,0,0000,RADAR,CANDIDATO,Detectado por Adaptive Logic
14:22:52.313,Spatial-Adaptive-v2.0,COIN15,huobi->kucoin,0,2237%,0,0000,RADAR,CANDIDATO,Detectado por Adaptive Logic
14:22:52.313,Spatial-Adaptive-v2.0,COIN24,mexc->binance,0,4942%,0,0000,RADAR,CANDIDATO,Detectado por Adaptive Logic
14:22:52.313,Spatial-Adaptive-v2.0,COIN48,huobi->binance,3,6680%,0,0000,RADAR,CANDIDATO,Detectado por Adaptive Logic
14:22:52.288,Spatial-Adaptive-v2.0,COIN2,kraken->bybit,3,1333%,0,0000,RADAR,CANDIDATO,Detectado por Adaptive Logic
14:22:52.313,Spatial-Adaptive-v2.0,COIN15,bybit->binance,3,5506%,0,0000,RADAR,CANDIDATO,Detectado por Adaptive Logic
14:22:52.313,Spatial-Adaptive-v2.0,COIN24,okx->mexc,0,8251%,0,0000,RADAR,CANDIDATO,Detectado por Adaptive Logic
14:22:52.313,Spatial-Adaptive-v2.0,COIN48,huobi->okx,1,1277%,0,0000,RADAR,CANDIDATO,Detectado por Adaptive Logic
14:22:52.313,Spatial-Adaptive-v2.0,COIN2,binance->kraken,0,5927%,0,0000,RADAR,CANDIDATO,Detectado por Adaptive Logic
14:22:52.313,Spatial-Adaptive-v2.0,COIN15,okx->bybit,0,4530%,0,0000,RADAR,CANDIDATO,Detectado por Adaptive Logic
14:22:52.313,Spatial-Adaptive-v2.0,COIN24,kucoin->mexc,0,6720%,0,0000,RADAR,CANDIDATO,Detectado por Adaptive Logic
14:22:52.314,Spatial-Adaptive-v2.0,COIN48,kucoin->huobi,0,2218%,0,0000,RADAR,CANDIDATO,Detectado por Adaptive Logic
14:22:52.314,Spatial-Adaptive-v2.0,COIN2,kraken->okx,0,7357%,0,0000,RADAR,CANDIDATO,Detectado por Adaptive Logic
14:22:52.314,Spatial-Adaptive-v2.0,COIN24,kraken->gateio,0,2583%,0,0000,RADAR,CANDIDATO,Detectado por Adaptive Logic
14:22:52.314,Spatial-Adaptive-v2.0,COIN15,bybit->kucoin,0,8402%,0,0000,RADAR,CANDIDATO,Detectado por Adaptive Logic
14:22:52.314,Spatial-Adaptive-v2.0,COIN48,bybit->binance,3,9681%,0,0000,RADAR,CANDIDATO,Detectado por Adaptive Logic
14:22:52.314,Spatial-Adaptive-v2.0,COIN2,kraken->kucoin,0,7185%,0,0000,RADAR,CANDIDATO,Detectado por Adaptive Logic
14:22:52.314,Spatial-Adaptive-v2.0,COIN15,okx->binance,4,0196%,0,0000,RADAR,CANDIDATO,Detectado por Adaptive Logic
14:22:52.314,Spatial-Adaptive-v2.0,COIN24,huobi->kraken,0,3393%,0,0000,RADAR,CANDIDATO,Detectado por Adaptive Logic
14:22:52.314,Spatial-Adaptive-v2.0,COIN48,bybit->okx,1,4205%,0,0000,RADAR,CANDIDATO,Detectado por Adaptive Logic
14:22:52.314,Spatial-Adaptive-v2.0,COIN2,huobi->gateio,0,0497%,0,0000,RADAR,RECHAZADO,Spread menor a umbral adaptativo
14:22:52.314,Spatial-Adaptive-v2.0,COIN24,kraken->bybit,0,2734%,0,0000,RADAR,CANDIDATO,Detectado por Adaptive Logic
14:22:52.314,Spatial-Adaptive-v2.0,COIN15,kucoin->binance,2,6878%,0,0000,RADAR,CANDIDATO,Detectado por Adaptive Logic
14:22:52.314,Spatial-Adaptive-v2.0,COIN48,bybit->kucoin,0,0676%,0,0000,RADAR,CANDIDATO,Detectado por Adaptive Logic
14:22:52.314,Spatial-Adaptive-v2.0,COIN2,gateio->bybit,2,0513%,0,0000,RADAR,CANDIDATO,Detectado por Adaptive Logic
14:22:52.314,Spatial-Adaptive-v2.0,COIN24,kraken->binance,0,6622%,0,0000,RADAR,CANDIDATO,Detectado por Adaptive Logic
14:22:52.314,Spatial-Adaptive-v2.0,COIN15,okx->kucoin,1,2969%,0,0000,RADAR,CANDIDATO,Detectado por Adaptive Logic
14:22:52.314,Spatial-Adaptive-v2.0,COIN48,okx->binance,2,5120%,0,0000,RADAR,CANDIDATO,Detectado por Adaptive Logic
14:22:52.314,Spatial-Adaptive-v2.0,COIN2,binance->gateio,1,6593%,0,0000,RADAR,CANDIDATO,Detectado por Adaptive Logic
14:22:52.314,Spatial-Adaptive-v2.0,COIN24,okx->kraken,0,6569%,0,0000,RADAR,CANDIDATO,Detectado por Adaptive Logic
14:22:52.314,Spatial-Adaptive-v2.0,COIN48,kucoin->binance,3,8979%,0,0000,RADAR,CANDIDATO,Detectado por Adaptive Logic
14:22:52.269,SPATIAL_SIMPLE,COIN38,kucoin->gateio,1,7384%,0,0000,RADAR,CANDIDATO,Pasa filtro de spread bruto
14:22:52.314,Spatial-Adaptive-v2.0,COIN2,okx->gateio,0,3222%,0,0000,RADAR,CANDIDATO,Detectado por Adaptive Logic
14:22:52.314,Spatial-Adaptive-v2.0,COIN24,kucoin->kraken,0,5040%,0,0000,RADAR,CANDIDATO,Detectado por Adaptive Logic
14:22:52.314,Spatial-Adaptive-v2.0,COIN48,kucoin->okx,1,3520%,0,0000,RADAR,CANDIDATO,Detectado por Adaptive Logic
14:22:52.314,Spatial-Adaptive-v2.0,COIN2,kucoin->gateio,0,3394%,0,0000,RADAR,CANDIDATO,Detectado por Adaptive Logic
14:22:52.289,Spatial-Adaptive-v2.0,COIN29,mexc->bybit,0,8657%,0,0000,RADAR,CANDIDATO,Detectado por Adaptive Logic
14:22:52.315,Spatial-Adaptive-v2.0,COIN38,kraken->mexc,0,3690%,0,0000,RADAR,CANDIDATO,Detectado por Adaptive Logic
14:22:52.315,Spatial-Adaptive-v2.0,COIN24,huobi->gateio,0,5985%,0,0000,RADAR,CANDIDATO,Detectado por Adaptive Logic
14:22:52.315,Spatial-Adaptive-v2.0,COIN2,huobi->bybit,2,1020%,0,0000,RADAR,CANDIDATO,Detectado por Adaptive Logic
14:22:52.315,Spatial-Adaptive-v2.0,COIN29,mexc->binance,1,4938%,0,0000,RADAR,CANDIDATO,Detectado por Adaptive Logic
14:22:52.315,Spatial-Adaptive-v2.0,COIN38,mexc->gateio,1,1815%,0,0000,RADAR,CANDIDATO,Detectado por Adaptive Logic
14:22:52.315,Spatial-Adaptive-v2.0,COIN24,gateio->bybit,0,0150%,0,0000,RADAR,RECHAZADO,Spread menor a umbral adaptativo
14:22:52.315,Spatial-Adaptive-v2.0,COIN2,binance->huobi,1,6088%,0,0000,RADAR,CANDIDATO,Detectado por Adaptive Logic
14:22:52.315,Spatial-Adaptive-v2.0,COIN29,mexc->okx,0,8307%,0,0000,RADAR,CANDIDATO,Detectado por Adaptive Logic
14:22:52.315,Spatial-Adaptive-v2.0,COIN38,mexc->huobi,0,9529%,0,0000,RADAR,CANDIDATO,Detectado por Adaptive Logic
14:22:52.315,Spatial-Adaptive-v2.0,COIN24,gateio->binance,0,4029%,0,0000,RADAR,CANDIDATO,Detectado por Adaptive Logic
14:22:52.315,Spatial-Adaptive-v2.0,COIN2,okx->huobi,0,2724%,0,0000,RADAR,CANDIDATO,Detectado por Adaptive Logic
14:22:52.312,Spatial-Adaptive-v2.0,COIN13,mexc->okx,0,6585%,0,0000,RADAR,CANDIDATO,Detectado por Adaptive Logic
14:22:52.315,Spatial-Adaptive-v2.0,COIN29,mexc->kucoin,1,7936%,0,0000,RADAR,CANDIDATO,Detectado por Adaptive Logic
14:22:52.315,Spatial-Adaptive-v2.0,COIN24,okx->gateio,0,9169%,0,0000,RADAR,CANDIDATO,Detectado por Adaptive Logic
14:22:52.315,Spatial-Adaptive-v2.0,COIN2,kucoin->huobi,0,2895%,0,0000,RADAR,CANDIDATO,Detectado por Adaptive Logic
14:22:52.315,Spatial-Adaptive-v2.0,COIN13,mexc->kucoin,0,5112%,0,0000,RADAR,CANDIDATO,Detectado por Adaptive Logic
14:22:52.315,Spatial-Adaptive-v2.0,COIN29,gateio->kraken,0,0609%,0,0000,RADAR,CANDIDATO,Detectado por Adaptive Logic
14:22:52.315,Spatial-Adaptive-v2.0,COIN24,kucoin->gateio,0,7636%,0,0000,RADAR,CANDIDATO,Detectado por Adaptive Logic
14:22:52.315,Spatial-Adaptive-v2.0,COIN2,binance->bybit,3,7446%,0,0000,RADAR,CANDIDATO,Detectado por Adaptive Logic
14:22:52.315,Spatial-Adaptive-v2.0,COIN13,kraken->gateio,0,4090%,0,0000,RADAR,CANDIDATO,Detectado por Adaptive Logic
14:22:52.315,Spatial-Adaptive-v2.0,COIN29,huobi->kraken,1,3582%,0,0000,RADAR,CANDIDATO,Detectado por Adaptive Logic
14:22:52.315,Spatial-Adaptive-v2.0,COIN2,okx->bybit,2,3801%,0,0000,RADAR,CANDIDATO,Detectado por Adaptive Logic
14:22:52.289,Spatial-Adaptive-v2.0,COIN33,kraken->mexc,0,7302%,0,0000,RADAR,CANDIDATO,Detectado por Adaptive Logic
14:22:52.315,Spatial-Adaptive-v2.0,COIN29,bybit->kraken,0,7843%,0,0000,RADAR,CANDIDATO,Detectado por Adaptive Logic
14:22:52.315,Spatial-Adaptive-v2.0,COIN13,huobi->kraken,0,0977%,0,0000,RADAR,CANDIDATO,Detectado por Adaptive Logic
14:22:52.315,Spatial-Adaptive-v2.0,COIN2,kucoin->bybit,2,3976%,0,0000,RADAR,CANDIDATO,Detectado por Adaptive Logic
14:22:52.316,Spatial-Adaptive-v2.0,COIN33,gateio->mexc,0,5264%,0,0000,RADAR,CANDIDATO,Detectado por Adaptive Logic
14:22:52.316,Spatial-Adaptive-v2.0,COIN29,binance->kraken,0,1606%,0,0000,RADAR,CANDIDATO,Detectado por Adaptive Logic
14:22:52.316,Spatial-Adaptive-v2.0,COIN13,kraken->bybit,0,6764%,0,0000,RADAR,CANDIDATO,Detectado por Adaptive Logic
14:22:52.316,Spatial-Adaptive-v2.0,COIN2,binance->okx,1,3328%,0,0000,RADAR,CANDIDATO,Detectado por Adaptive Logic
14:22:52.316,Spatial-Adaptive-v2.0,COIN33,mexc->huobi,2,8010%,0,0000,RADAR,CANDIDATO,Detectado por Adaptive Logic
14:22:52.316,Spatial-Adaptive-v2.0,COIN29,okx->kraken,0,8193%,0,0000,RADAR,CANDIDATO,Detectado por Adaptive Logic
14:22:52.316,Spatial-Adaptive-v2.0,COIN13,kraken->binance,0,7318%,0,0000,RADAR,CANDIDATO,Detectado por Adaptive Logic
14:22:52.316,Spatial-Adaptive-v2.0,COIN2,binance->kucoin,1,3155%,0,0000,RADAR,CANDIDATO,Detectado por Adaptive Logic
14:22:52.316,Spatial-Adaptive-v2.0,COIN33,bybit->mexc,0,6934%,0,0000,RADAR,CANDIDATO,Detectado por Adaptive Logic
14:22:52.316,Spatial-Adaptive-v2.0,COIN29,kraken->kucoin,0,1346%,0,0000,RADAR,CANDIDATO,Detectado por Adaptive Logic
14:22:52.316,Spatial-Adaptive-v2.0,COIN13,kraken->okx,0,8893%,0,0000,RADAR,CANDIDATO,Detectado por Adaptive Logic
14:22:52.316,Spatial-Adaptive-v2.0,COIN2,kucoin->okx,0,0171%,0,0000,RADAR,RECHAZADO,Spread menor a umbral adaptativo
14:22:52.290,Spatial-Adaptive-v2.0,COIN47,kucoin->kraken,1,3896%,0,0000,RADAR,CANDIDATO,Detectado por Adaptive Logic
14:22:52.291,Spatial-Adaptive-v2.0,COIN49,gateio->kraken,0,4067%,0,0000,RADAR,CANDIDATO,Detectado por Adaptive Logic
14:22:52.315,Spatial-Adaptive-v2.0,COIN38,mexc->bybit,0,2214%,0,0000,RADAR,CANDIDATO,Detectado por Adaptive Logic
14:22:52.313,Spatial-Adaptive-v2.0,COIN36,huobi->mexc,0,8315%,0,0000,RADAR,CANDIDATO,Detectado por Adaptive Logic
14:22:52.292,Spatial-Adaptive-v2.0,SOL,bybit->mexc,0,6383%,0,0000,RADAR,CANDIDATO,Detectado por Adaptive Logic
14:22:52.317,Spatial-Adaptive-v2.0,COIN49,huobi->kraken,0,6326%,0,0000,RADAR,CANDIDATO,Detectado por Adaptive Logic
14:22:52.317,Spatial-Adaptive-v2.0,COIN36,bybit->mexc,0,3011%,0,0000,RADAR,CANDIDATO,Detectado por Adaptive Logic
14:22:52.317,Spatial-Adaptive-v2.0,COIN38,mexc->binance,1,0902%,0,0000,RADAR,CANDIDATO,Detectado por Adaptive Logic
14:22:52.317,Spatial-Adaptive-v2.0,SOL,binance->mexc,0,4097%,0,0000,RADAR,CANDIDATO,Detectado por Adaptive Logic
14:22:52.317,Spatial-Adaptive-v2.0,COIN47,gateio->huobi,0,6287%,0,0000,RADAR,CANDIDATO,Detectado por Adaptive Logic
14:22:52.317,Spatial-Adaptive-v2.0,COIN49,bybit->kraken,0,1746%,0,0000,RADAR,CANDIDATO,Detectado por Adaptive Logic
14:22:52.317,Spatial-Adaptive-v2.0,COIN36,mexc->binance,1,9929%,0,0000,RADAR,CANDIDATO,Detectado por Adaptive Logic
14:22:52.317,Spatial-Adaptive-v2.0,COIN38,mexc->okx,1,1722%,0,0000,RADAR,CANDIDATO,Detectado por Adaptive Logic
14:22:52.317,Spatial-Adaptive-v2.0,SOL,mexc->okx,1,1875%,0,0000,RADAR,CANDIDATO,Detectado por Adaptive Logic
14:22:52.317,Spatial-Adaptive-v2.0,COIN47,gateio->bybit,0,6894%,0,0000,RADAR,CANDIDATO,Detectado por Adaptive Logic
14:22:52.317,Spatial-Adaptive-v2.0,COIN49,binance->kraken,0,3414%,0,0000,RADAR,CANDIDATO,Detectado por Adaptive Logic
14:22:52.317,Spatial-Adaptive-v2.0,COIN36,okx->mexc,0,1323%,0,0000,RADAR,CANDIDATO,Detectado por Adaptive Logic
14:22:52.317,Spatial-Adaptive-v2.0,COIN38,kucoin->mexc,0,5504%,0,0000,RADAR,CANDIDATO,Detectado por Adaptive Logic
14:22:52.317,Spatial-Adaptive-v2.0,SOL,kucoin->mexc,0,6066%,0,0000,RADAR,CANDIDATO,Detectado por Adaptive Logic
14:22:52.317,Spatial-Adaptive-v2.0,COIN47,binance->gateio,0,0232%,0,0000,RADAR,RECHAZADO,Spread menor a umbral adaptativo
14:22:52.317,Spatial-Adaptive-v2.0,COIN49,kraken->okx,1,2771%,0,0000,RADAR,CANDIDATO,Detectado por Adaptive Logic
14:22:52.317,Spatial-Adaptive-v2.0,COIN36,kucoin->mexc,1,8725%,0,0000,RADAR,CANDIDATO,Detectado por Adaptive Logic
14:22:52.317,Spatial-Adaptive-v2.0,COIN38,kraken->gateio,1,5549%,0,0000,RADAR,CANDIDATO,Detectado por Adaptive Logic
14:22:52.317,Spatial-Adaptive-v2.0,SOL,gateio->kraken,2,3536%,0,0000,RADAR,CANDIDATO,Detectado por Adaptive Logic
14:22:52.317,Spatial-Adaptive-v2.0,COIN47,gateio->okx,0,0252%,0,0000,RADAR,RECHAZADO,Spread menor a umbral adaptativo
14:22:52.317,Spatial-Adaptive-v2.0,COIN49,kucoin->kraken,0,5086%,0,0000,RADAR,CANDIDATO,Detectado por Adaptive Logic
14:22:52.317,Spatial-Adaptive-v2.0,COIN36,gateio->kraken,0,5793%,0,0000,RADAR,CANDIDATO,Detectado por Adaptive Logic
14:22:52.317,Spatial-Adaptive-v2.0,COIN38,kraken->huobi,1,3254%,0,0000,RADAR,CANDIDATO,Detectado por Adaptive Logic
14:22:52.317,Spatial-Adaptive-v2.0,SOL,huobi->kraken,2,0157%,0,0000,RADAR,CANDIDATO,Detectado por Adaptive Logic
14:22:52.317,Spatial-Adaptive-v2.0,COIN47,kucoin->gateio,0,6823%,0,0000,RADAR,CANDIDATO,Detectado por Adaptive Logic
14:22:52.317,Spatial-Adaptive-v2.0,COIN49,huobi->gateio,0,2251%,0,0000,RADAR,CANDIDATO,Detectado por Adaptive Logic
14:22:52.317,Spatial-Adaptive-v2.0,COIN36,kraken->huobi,0,1224%,0,0000,RADAR,CANDIDATO,Detectado por Adaptive Logic
14:22:52.292,Spatial-Adaptive-v2.0,COIN45,huobi->kraken,0,4484%,0,0000,RADAR,CANDIDATO,Detectado por Adaptive Logic
14:22:52.317,Spatial-Adaptive-v2.0,SOL,bybit->kraken,3,9932%,0,0000,RADAR,CANDIDATO,Detectado por Adaptive Logic
14:22:52.317,Spatial-Adaptive-v2.0,COIN36,kraken->bybit,0,6518%,0,0000,RADAR,CANDIDATO,Detectado por Adaptive Logic
14:22:52.317,Spatial-Adaptive-v2.0,COIN45,kraken->bybit,0,0545%,0,0000,RADAR,CANDIDATO,Detectado por Adaptive Logic
14:22:52.317,Spatial-Adaptive-v2.0,COIN38,kraken->bybit,0,5912%,0,0000,RADAR,CANDIDATO,Detectado por Adaptive Logic
14:22:52.318,Spatial-Adaptive-v2.0,SOL,binance->kraken,3,7570%,0,0000,RADAR,CANDIDATO,Detectado por Adaptive Logic
14:22:52.318,Spatial-Adaptive-v2.0,COIN36,kraken->binance,2,9668%,0,0000,RADAR,CANDIDATO,Detectado por Adaptive Logic
14:22:52.318,Spatial-Adaptive-v2.0,COIN45,binance->kraken,0,0656%,0,0000,RADAR,CANDIDATO,Detectado por Adaptive Logic
14:22:52.318,Spatial-Adaptive-v2.0,COIN38,kraken->binance,1,4632%,0,0000,RADAR,CANDIDATO,Detectado por Adaptive Logic
14:22:52.318,Spatial-Adaptive-v2.0,SOL,okx->kraken,2,1210%,0,0000,RADAR,CANDIDATO,Detectado por Adaptive Logic
14:22:52.292,Spatial-Adaptive-v2.0,COIN30,kraken->okx,0,4051%,0,0000,RADAR,CANDIDATO,Detectado por Adaptive Logic
14:22:52.318,Spatial-Adaptive-v2.0,COIN45,okx->kraken,0,1154%,0,0000,RADAR,CANDIDATO,Detectado por Adaptive Logic
14:22:52.318,Spatial-Adaptive-v2.0,SOL,kucoin->kraken,3,9605%,0,0000,RADAR,CANDIDATO,Detectado por Adaptive Logic
14:22:52.318,Spatial-Adaptive-v2.0,COIN45,kucoin->kraken,1,3900%,0,0000,RADAR,CANDIDATO,Detectado por Adaptive Logic
14:22:52.318,Spatial-Adaptive-v2.0,COIN30,kraken->kucoin,1,1985%,0,0000,RADAR,CANDIDATO,Detectado por Adaptive Logic
14:22:52.318,Spatial-Adaptive-v2.0,COIN38,kraken->okx,1,5455%,0,0000,RADAR,CANDIDATO,Detectado por Adaptive Logic
14:22:52.318,Spatial-Adaptive-v2.0,SOL,gateio->huobi,0,3312%,0,0000,RADAR,CANDIDATO,Detectado por Adaptive Logic
14:22:52.318,Spatial-Adaptive-v2.0,COIN45,huobi->gateio,0,3876%,0,0000,RADAR,CANDIDATO,Detectado por Adaptive Logic
14:22:52.318,Spatial-Adaptive-v2.0,COIN30,huobi->gateio,0,6568%,0,0000,RADAR,CANDIDATO,Detectado por Adaptive Logic
14:22:52.318,Spatial-Adaptive-v2.0,COIN38,kucoin->kraken,0,1807%,0,0000,RADAR,CANDIDATO,Detectado por Adaptive Logic
14:22:52.318,Spatial-Adaptive-v2.0,SOL,bybit->gateio,1,6019%,0,0000,RADAR,CANDIDATO,Detectado por Adaptive Logic
14:22:52.318,Spatial-Adaptive-v2.0,COIN30,bybit->gateio,1,1958%,0,0000,RADAR,CANDIDATO,Detectado por Adaptive Logic
14:22:52.318,Spatial-Adaptive-v2.0,COIN45,gateio->bybit,0,1151%,0,0000,RADAR,CANDIDATO,Detectado por Adaptive Logic
14:22:52.318,Spatial-Adaptive-v2.0,COIN38,huobi->gateio,0,2265%,0,0000,RADAR,CANDIDATO,Detectado por Adaptive Logic
14:22:52.318,Spatial-Adaptive-v2.0,SOL,binance->gateio,1,3712%,0,0000,RADAR,CANDIDATO,Detectado por Adaptive Logic
14:22:52.318,Spatial-Adaptive-v2.0,COIN30,binance->gateio,1,0769%,0,0000,RADAR,CANDIDATO,Detectado por Adaptive Logic
14:22:52.318,Spatial-Adaptive-v2.0,COIN45,binance->gateio,0,0051%,0,0000,RADAR,RECHAZADO,Spread menor a umbral adaptativo
14:22:52.318,Spatial-Adaptive-v2.0,SOL,gateio->okx,0,2278%,0,0000,RADAR,CANDIDATO,Detectado por Adaptive Logic
14:22:52.318,Spatial-Adaptive-v2.0,COIN38,bybit->gateio,0,9581%,0,0000,RADAR,CANDIDATO,Detectado por Adaptive Logic
14:22:52.319,Spatial-Adaptive-v2.0,COIN30,okx->gateio,0,4446%,0,0000,RADAR,CANDIDATO,Detectado por Adaptive Logic
14:22:52.319,Spatial-Adaptive-v2.0,COIN45,okx->gateio,0,0549%,0,0000,RADAR,CANDIDATO,Detectado por Adaptive Logic
14:22:52.319,Spatial-Adaptive-v2.0,SOL,kucoin->gateio,1,5700%,0,0000,RADAR,CANDIDATO,Detectado por Adaptive Logic
14:22:52.319,Spatial-Adaptive-v2.0,COIN38,binance->gateio,0,0904%,0,0000,RADAR,CANDIDATO,Detectado por Adaptive Logic
14:22:52.319,Spatial-Adaptive-v2.0,COIN30,gateio->kucoin,0,3441%,0,0000,RADAR,CANDIDATO,Detectado por Adaptive Logic
14:22:52.319,Spatial-Adaptive-v2.0,COIN45,kucoin->gateio,1,3287%,0,0000,RADAR,CANDIDATO,Detectado por Adaptive Logic
14:22:52.319,Spatial-Adaptive-v2.0,SOL,bybit->huobi,1,9384%,0,0000,RADAR,CANDIDATO,Detectado por Adaptive Logic
14:22:52.319,Spatial-Adaptive-v2.0,COIN38,okx->gateio,0,0092%,0,0000,RADAR,RECHAZADO,Spread menor a umbral adaptativo
14:22:52.318,Spatial-Adaptive-v2.0,COIN36,kraken->okx,0,8214%,0,0000,RADAR,CANDIDATO,Detectado por Adaptive Logic
14:22:52.319,Spatial-Adaptive-v2.0,COIN30,bybit->huobi,0,5354%,0,0000,RADAR,CANDIDATO,Detectado por Adaptive Logic
14:22:52.319,Spatial-Adaptive-v2.0,SOL,binance->huobi,1,7069%,0,0000,RADAR,CANDIDATO,Detectado por Adaptive Logic
14:22:52.319,Spatial-Adaptive-v2.0,COIN45,huobi->bybit,0,5031%,0,0000,RADAR,CANDIDATO,Detectado por Adaptive Logic
14:22:52.319,Spatial-Adaptive-v2.0,COIN38,kucoin->gateio,1,7384%,0,0000,RADAR,CANDIDATO,Detectado por Adaptive Logic
14:22:52.319,Spatial-Adaptive-v2.0,COIN30,binance->huobi,0,4174%,0,0000,RADAR,CANDIDATO,Detectado por Adaptive Logic
14:22:52.319,Spatial-Adaptive-v2.0,SOL,okx->huobi,0,1032%,0,0000,RADAR,CANDIDATO,Detectado por Adaptive Logic
14:22:52.319,Spatial-Adaptive-v2.0,COIN45,huobi->binance,0,3825%,0,0000,RADAR,CANDIDATO,Detectado por Adaptive Logic
14:22:52.293,Spatial-Adaptive-v2.0,COIN21,mexc->kraken,1,0265%,0,0000,RADAR,CANDIDATO,Detectado por Adaptive Logic
14:22:52.317,Spatial-Adaptive-v2.0,COIN47,huobi->bybit,0,0604%,0,0000,RADAR,CANDIDATO,Detectado por Adaptive Logic
14:22:52.293,Spatial-Adaptive-v2.0,XRP,mexc->okx,0,5519%,0,0000,RADAR,CANDIDATO,Detectado por Adaptive Logic
14:22:52.319,Spatial-Adaptive-v2.0,SOL,kucoin->huobi,1,9064%,0,0000,RADAR,CANDIDATO,Detectado por Adaptive Logic
14:22:52.294,Spatial-Adaptive-v2.0,COIN32,gateio->mexc,3,5899%,0,0000,RADAR,CANDIDATO,Detectado por Adaptive Logic
14:22:52.319,Spatial-Adaptive-v2.0,COIN21,mexc->gateio,0,9541%,0,0000,RADAR,CANDIDATO,Detectado por Adaptive Logic
14:22:52.294,Spatial-Adaptive-v2.0,COIN16,mexc->bybit,0,2070%,0,0000,RADAR,CANDIDATO,Detectado por Adaptive Logic
14:22:52.319,Spatial-Adaptive-v2.0,COIN47,binance->huobi,0,6520%,0,0000,RADAR,CANDIDATO,Detectado por Adaptive Logic
14:22:52.319,Spatial-Adaptive-v2.0,XRP,mexc->kucoin,0,0602%,0,0000,RADAR,CANDIDATO,Detectado por Adaptive Logic
14:22:52.319,Spatial-Adaptive-v2.0,SOL,bybit->binance,0,2276%,0,0000,RADAR,CANDIDATO,Detectado por Adaptive Logic
14:22:52.319,Spatial-Adaptive-v2.0,COIN32,huobi->mexc,2,7816%,0,0000,RADAR,CANDIDATO,Detectado por Adaptive Logic
14:22:52.319,Spatial-Adaptive-v2.0,COIN21,mexc->huobi,0,8241%,0,0000,RADAR,CANDIDATO,Detectado por Adaptive Logic
14:22:52.319,Spatial-Adaptive-v2.0,COIN47,okx->huobi,0,6033%,0,0000,RADAR,CANDIDATO,Detectado por Adaptive Logic
14:22:52.319,Spatial-Adaptive-v2.0,COIN16,binance->mexc,0,2325%,0,0000,RADAR,CANDIDATO,Detectado por Adaptive Logic
14:22:52.319,Spatial-Adaptive-v2.0,XRP,kraken->gateio,0,0865%,0,0000,RADAR,CANDIDATO,Detectado por Adaptive Logic
14:22:52.319,Spatial-Adaptive-v2.0,SOL,bybit->okx,1,8334%,0,0000,RADAR,CANDIDATO,Detectado por Adaptive Logic
14:22:52.319,Spatial-Adaptive-v2.0,COIN21,mexc->bybit,3,4217%,0,0000,RADAR,CANDIDATO,Detectado por Adaptive Logic
14:22:52.319,Spatial-Adaptive-v2.0,COIN32,bybit->mexc,3,9433%,0,0000,RADAR,CANDIDATO,Detectado por Adaptive Logic
14:22:52.320,Spatial-Adaptive-v2.0,COIN47,kucoin->huobi,1,3153%,0,0000,RADAR,CANDIDATO,Detectado por Adaptive Logic
14:22:52.320,Spatial-Adaptive-v2.0,COIN16,mexc->okx,0,0199%,0,0000,RADAR,RECHAZADO,Spread menor a umbral adaptativo
14:22:52.320,Spatial-Adaptive-v2.0,XRP,kraken->huobi,0,7691%,0,0000,RADAR,CANDIDATO,Detectado por Adaptive Logic
14:22:52.320,Spatial-Adaptive-v2.0,SOL,bybit->kucoin,0,0315%,0,0000,RADAR,RECHAZADO,Spread menor a umbral adaptativo
14:22:52.320,Spatial-Adaptive-v2.0,COIN21,mexc->binance,1,0849%,0,0000,RADAR,CANDIDATO,Detectado por Adaptive Logic
14:22:52.295,Spatial-Adaptive-v2.0,COIN14,mexc->binance,1,6351%,0,0000,RADAR,CANDIDATO,Detectado por Adaptive Logic
14:22:52.320,Spatial-Adaptive-v2.0,COIN47,binance->bybit,0,7128%,0,0000,RADAR,CANDIDATO,Detectado por Adaptive Logic
14:22:52.320,Spatial-Adaptive-v2.0,COIN16,kucoin->mexc,0,3142%,0,0000,RADAR,CANDIDATO,Detectado por Adaptive Logic
14:22:52.320,Spatial-Adaptive-v2.0,XRP,bybit->kraken,0,1540%,0,0000,RADAR,CANDIDATO,Detectado por Adaptive Logic
14:22:52.320,Spatial-Adaptive-v2.0,SOL,binance->okx,1,6021%,0,0000,RADAR,CANDIDATO,Detectado por Adaptive Logic
14:22:52.320,Spatial-Adaptive-v2.0,COIN21,okx->mexc,0,1684%,0,0000,RADAR,CANDIDATO,Detectado por Adaptive Logic
14:22:52.320,Spatial-Adaptive-v2.0,COIN16,gateio->kraken,0,0149%,0,0000,RADAR,RECHAZADO,Spread menor a umbral adaptativo
14:22:52.320,Spatial-Adaptive-v2.0,COIN14,mexc->okx,0,2206%,0,0000,RADAR,CANDIDATO,Detectado por Adaptive Logic
14:22:52.320,Spatial-Adaptive-v2.0,COIN47,okx->bybit,0,6640%,0,0000,RADAR,CANDIDATO,Detectado por Adaptive Logic
14:22:52.320,Spatial-Adaptive-v2.0,XRP,kraken->binance,0,4102%,0,0000,RADAR,CANDIDATO,Detectado por Adaptive Logic
14:22:52.320,Spatial-Adaptive-v2.0,SOL,kucoin->binance,0,1961%,0,0000,RADAR,CANDIDATO,Detectado por Adaptive Logic
14:22:52.320,Spatial-Adaptive-v2.0,COIN21,kucoin->mexc,0,0301%,0,0000,RADAR,RECHAZADO,Spread menor a umbral adaptativo
14:22:52.320,Spatial-Adaptive-v2.0,COIN16,huobi->kraken,0,5980%,0,0000,RADAR,CANDIDATO,Detectado por Adaptive Logic
14:22:52.320,Spatial-Adaptive-v2.0,SOL,kucoin->okx,1,8013%,0,0000,RADAR,CANDIDATO,Detectado por Adaptive Logic
14:22:52.320,Spatial-Adaptive-v2.0,XRP,kraken->okx,1,0132%,0,0000,RADAR,CANDIDATO,Detectado por Adaptive Logic
14:22:52.299,Spatial-Adaptive-v2.0,COIN11,bybit->huobi,0,7548%,0,0000,RADAR,CANDIDATO,Detectado por Adaptive Logic
14:22:52.320,Spatial-Adaptive-v2.0,COIN21,gateio->kraken,0,0717%,0,0000,RADAR,CANDIDATO,Detectado por Adaptive Logic
14:22:52.296,Spatial-Adaptive-v2.0,LTC,kraken->okx,0,2220%,0,0000,RADAR,CANDIDATO,Detectado por Adaptive Logic
14:22:52.320,Spatial-Adaptive-v2.0,COIN16,bybit->kraken,0,7586%,0,0000,RADAR,CANDIDATO,Detectado por Adaptive Logic
14:22:52.320,Spatial-Adaptive-v2.0,XRP,kraken->kucoin,0,5193%,0,0000,RADAR,CANDIDATO,Detectado por Adaptive Logic
14:22:52.320,Spatial-Adaptive-v2.0,COIN21,huobi->kraken,0,2007%,0,0000,RADAR,CANDIDATO,Detectado por Adaptive Logic
14:22:52.320,Spatial-Adaptive-v2.0,COIN11,binance->huobi,0,0518%,0,0000,RADAR,CANDIDATO,Detectado por Adaptive Logic
14:22:52.320,Spatial-Adaptive-v2.0,LTC,kraken->kucoin,0,3269%,0,0000,RADAR,CANDIDATO,Detectado por Adaptive Logic
14:22:52.320,Spatial-Adaptive-v2.0,COIN16,binance->kraken,1,2020%,0,0000,RADAR,CANDIDATO,Detectado por Adaptive Logic
14:22:52.320,Spatial-Adaptive-v2.0,COIN11,huobi->okx,2,8849%,0,0000,RADAR,CANDIDATO,Detectado por Adaptive Logic
14:22:52.300,Spatial-Adaptive-v2.0,COIN26,mexc->gateio,1,1670%,0,0000,RADAR,CANDIDATO,Detectado por Adaptive Logic
14:22:52.320,Spatial-Adaptive-v2.0,LTC,huobi->gateio,0,5207%,0,0000,RADAR,CANDIDATO,Detectado por Adaptive Logic
14:22:52.320,Spatial-Adaptive-v2.0,COIN16,okx->kraken,0,9471%,0,0000,RADAR,CANDIDATO,Detectado por Adaptive Logic
14:22:52.320,Spatial-Adaptive-v2.0,COIN11,kucoin->huobi,0,1455%,0,0000,RADAR,CANDIDATO,Detectado por Adaptive Logic
14:22:52.321,Spatial-Adaptive-v2.0,COIN26,huobi->mexc,0,2523%,0,0000,RADAR,CANDIDATO,Detectado por Adaptive Logic
14:22:52.321,Spatial-Adaptive-v2.0,LTC,bybit->gateio,0,8922%,0,0000,RADAR,CANDIDATO,Detectado por Adaptive Logic
14:22:52.321,Spatial-Adaptive-v2.0,COIN16,kucoin->kraken,1,2844%,0,0000,RADAR,CANDIDATO,Detectado por Adaptive Logic
14:22:52.320,Spatial-Adaptive-v2.0,XRP,gateio->huobi,0,6820%,0,0000,RADAR,CANDIDATO,Detectado por Adaptive Logic
14:22:52.321,Spatial-Adaptive-v2.0,COIN11,bybit->binance,0,7026%,0,0000,RADAR,CANDIDATO,Detectado por Adaptive Logic
14:22:52.300,Spatial-Adaptive-v2.0,COIN35,mexc->gateio,0,5258%,0,0000,RADAR,CANDIDATO,Detectado por Adaptive Logic
14:22:52.321,Spatial-Adaptive-v2.0,COIN26,mexc->bybit,0,9176%,0,0000,RADAR,CANDIDATO,Detectado por Adaptive Logic
14:22:52.321,Spatial-Adaptive-v2.0,LTC,binance->gateio,1,0062%,0,0000,RADAR,CANDIDATO,Detectado por Adaptive Logic
14:22:52.321,Spatial-Adaptive-v2.0,COIN16,huobi->gateio,0,5830%,0,0000,RADAR,CANDIDATO,Detectado por Adaptive Logic
14:22:52.321,Spatial-Adaptive-v2.0,XRP,bybit->gateio,0,2406%,0,0000,RADAR,CANDIDATO,Detectado por Adaptive Logic
14:22:52.321,Spatial-Adaptive-v2.0,COIN11,bybit->okx,3,6615%,0,0000,RADAR,CANDIDATO,Detectado por Adaptive Logic
14:22:52.321,Spatial-Adaptive-v2.0,COIN26,mexc->binance,1,1587%,0,0000,RADAR,CANDIDATO,Detectado por Adaptive Logic
14:22:52.321,Spatial-Adaptive-v2.0,COIN35,huobi->mexc,0,1080%,0,0000,RADAR,CANDIDATO,Detectado por Adaptive Logic
14:22:52.321,Spatial-Adaptive-v2.0,LTC,okx->gateio,1,0520%,0,0000,RADAR,CANDIDATO,Detectado por Adaptive Logic
14:22:52.321,Spatial-Adaptive-v2.0,COIN16,bybit->gateio,0,7436%,0,0000,RADAR,CANDIDATO,Detectado por Adaptive Logic
14:22:52.321,Spatial-Adaptive-v2.0,XRP,gateio->binance,0,3234%,0,0000,RADAR,CANDIDATO,Detectado por Adaptive Logic
14:22:52.321,Spatial-Adaptive-v2.0,COIN11,bybit->kucoin,0,6084%,0,0000,RADAR,CANDIDATO,Detectado por Adaptive Logic
14:22:52.321,Spatial-Adaptive-v2.0,COIN26,mexc->okx,0,1087%,0,0000,RADAR,CANDIDATO,Detectado por Adaptive Logic
14:22:52.321,Spatial-Adaptive-v2.0,COIN35,mexc->bybit,0,3608%,0,0000,RADAR,CANDIDATO,Detectado por Adaptive Logic
14:22:52.321,Spatial-Adaptive-v2.0,LTC,kucoin->gateio,0,9463%,0,0000,RADAR,CANDIDATO,Detectado por Adaptive Logic
14:22:52.321,Spatial-Adaptive-v2.0,COIN16,binance->gateio,1,1869%,0,0000,RADAR,CANDIDATO,Detectado por Adaptive Logic
14:22:52.321,Spatial-Adaptive-v2.0,COIN11,binance->okx,2,9383%,0,0000,RADAR,CANDIDATO,Detectado por Adaptive Logic
14:22:52.321,Spatial-Adaptive-v2.0,XRP,gateio->okx,0,9259%,0,0000,RADAR,CANDIDATO,Detectado por Adaptive Logic
14:22:52.321,Spatial-Adaptive-v2.0,LTC,bybit->huobi,0,3695%,0,0000,RADAR,CANDIDATO,Detectado por Adaptive Logic
14:22:52.317,Spatial-Adaptive-v2.0,COIN49,gateio->bybit,0,2317%,0,0000,RADAR,CANDIDATO,Detectado por Adaptive Logic
14:22:52.321,Spatial-Adaptive-v2.0,COIN16,okx->gateio,0,9321%,0,0000,RADAR,CANDIDATO,Detectado por Adaptive Logic
14:22:52.321,Spatial-Adaptive-v2.0,COIN11,kucoin->binance,0,0936%,0,0000,RADAR,CANDIDATO,Detectado por Adaptive Logic
14:22:52.321,Spatial-Adaptive-v2.0,LTC,binance->huobi,0,4830%,0,0000,RADAR,CANDIDATO,Detectado por Adaptive Logic
14:22:52.321,Spatial-Adaptive-v2.0,XRP,gateio->kucoin,0,4324%,0,0000,RADAR,CANDIDATO,Detectado por Adaptive Logic
14:22:52.321,Spatial-Adaptive-v2.0,COIN49,gateio->binance,0,0650%,0,0000,RADAR,CANDIDATO,Detectado por Adaptive Logic
14:22:52.321,Spatial-Adaptive-v2.0,COIN16,kucoin->gateio,1,2693%,0,0000,RADAR,CANDIDATO,Detectado por Adaptive Logic
14:22:52.321,Spatial-Adaptive-v2.0,COIN11,kucoin->okx,3,0346%,0,0000,RADAR,CANDIDATO,Detectado por Adaptive Logic
14:22:52.321,Spatial-Adaptive-v2.0,XRP,bybit->huobi,0,9243%,0,0000,RADAR,CANDIDATO,Detectado por Adaptive Logic
14:22:52.321,Spatial-Adaptive-v2.0,LTC,okx->huobi,0,5285%,0,0000,RADAR,CANDIDATO,Detectado por Adaptive Logic
14:22:52.301,Spatial-Adaptive-v2.0,COIN10,gateio->kraken,1,4103%,0,0000,RADAR,CANDIDATO,Detectado por Adaptive Logic
14:22:52.269,SPATIAL_SIMPLE,COIN37,bybit->binance,1,7382%,0,0000,RADAR,CANDIDATO,Pasa filtro de spread bruto
14:22:52.321,Spatial-Adaptive-v2.0,COIN16,bybit->huobi,0,1596%,0,0000,RADAR,CANDIDATO,Detectado por Adaptive Logic
14:22:52.321,Spatial-Adaptive-v2.0,LTC,kucoin->huobi,0,4234%,0,0000,RADAR,CANDIDATO,Detectado por Adaptive Logic
14:22:52.321,Spatial-Adaptive-v2.0,XRP,binance->huobi,0,3575%,0,0000,RADAR,CANDIDATO,Detectado por Adaptive Logic
14:22:52.322,Spatial-Adaptive-v2.0,COIN10,kraken->huobi,0,0468%,0,0000,RADAR,RECHAZADO,Spread menor a umbral adaptativo
14:22:52.322,Spatial-Adaptive-v2.0,COIN16,binance->huobi,0,6004%,0,0000,RADAR,CANDIDATO,Detectado por Adaptive Logic
14:22:52.322,Spatial-Adaptive-v2.0,LTC,binance->bybit,0,1130%,0,0000,RADAR,CANDIDATO,Detectado por Adaptive Logic
14:22:52.322,Spatial-Adaptive-v2.0,XRP,huobi->okx,0,2422%,0,0000,RADAR,CANDIDATO,Detectado por Adaptive Logic
14:22:52.322,Spatial-Adaptive-v2.0,COIN37,kraken->mexc,0,2200%,0,0000,RADAR,CANDIDATO,Detectado por Adaptive Logic
14:22:52.322,Spatial-Adaptive-v2.0,COIN10,bybit->kraken,0,1860%,0,0000,RADAR,CANDIDATO,Detectado por Adaptive Logic
14:22:52.322,Spatial-Adaptive-v2.0,COIN16,okx->huobi,0,3470%,0,0000,RADAR,CANDIDATO,Detectado por Adaptive Logic
14:22:52.322,Spatial-Adaptive-v2.0,LTC,okx->bybit,0,1584%,0,0000,RADAR,CANDIDATO,Detectado por Adaptive Logic
14:22:52.322,Spatial-Adaptive-v2.0,COIN37,mexc->gateio,0,1099%,0,0000,RADAR,CANDIDATO,Detectado por Adaptive Logic
14:22:52.303,Spatial-Adaptive-v2.0,COIN23,huobi->gateio,2,8355%,0,0000,RADAR,CANDIDATO,Detectado por Adaptive Logic
14:22:52.322,Spatial-Adaptive-v2.0,COIN10,kraken->binance,2,5091%,0,0000,RADAR,CANDIDATO,Detectado por Adaptive Logic
14:22:52.322,Spatial-Adaptive-v2.0,COIN16,kucoin->huobi,0,6823%,0,0000,RADAR,CANDIDATO,Detectado por Adaptive Logic
14:22:52.322,Spatial-Adaptive-v2.0,LTC,kucoin->bybit,0,0536%,0,0000,RADAR,CANDIDATO,Detectado por Adaptive Logic
14:22:52.322,Spatial-Adaptive-v2.0,COIN37,huobi->mexc,0,9928%,0,0000,RADAR,CANDIDATO,Detectado por Adaptive Logic
14:22:52.322,Spatial-Adaptive-v2.0,COIN10,okx->kraken,0,4754%,0,0000,RADAR,CANDIDATO,Detectado por Adaptive Logic
14:22:52.322,Spatial-Adaptive-v2.0,COIN23,bybit->gateio,3,9376%,0,0000,RADAR,CANDIDATO,Detectado por Adaptive Logic
14:22:52.322,Spatial-Adaptive-v2.0,LTC,okx->binance,0,0453%,0,0000,RADAR,RECHAZADO,Spread menor a umbral adaptativo
14:22:52.322,Spatial-Adaptive-v2.0,COIN16,binance->bybit,0,4400%,0,0000,RADAR,CANDIDATO,Detectado por Adaptive Logic
14:22:52.322,Spatial-Adaptive-v2.0,COIN37,bybit->mexc,1,5560%,0,0000,RADAR,CANDIDATO,Detectado por Adaptive Logic
14:22:52.322,Spatial-Adaptive-v2.0,COIN10,kucoin->kraken,0,7175%,0,0000,RADAR,CANDIDATO,Detectado por Adaptive Logic
14:22:52.322,Spatial-Adaptive-v2.0,COIN23,binance->gateio,3,4731%,0,0000,RADAR,CANDIDATO,Detectado por Adaptive Logic
14:22:52.322,Spatial-Adaptive-v2.0,LTC,binance->kucoin,0,0594%,0,0000,RADAR,CANDIDATO,Detectado por Adaptive Logic
14:22:52.322,Spatial-Adaptive-v2.0,COIN16,okx->bybit,0,1871%,0,0000,RADAR,CANDIDATO,Detectado por Adaptive Logic
14:22:52.322,Spatial-Adaptive-v2.0,COIN37,mexc->binance,0,1794%,0,0000,RADAR,CANDIDATO,Detectado por Adaptive Logic
14:22:52.322,Spatial-Adaptive-v2.0,COIN10,gateio->huobi,1,4578%,0,0000,RADAR,CANDIDATO,Detectado por Adaptive Logic
14:22:52.322,Spatial-Adaptive-v2.0,COIN23,okx->gateio,2,8670%,0,0000,RADAR,CANDIDATO,Detectado por Adaptive Logic
14:22:52.322,Spatial-Adaptive-v2.0,LTC,okx->kucoin,0,1047%,0,0000,RADAR,CANDIDATO,Detectado por Adaptive Logic
14:22:52.322,Spatial-Adaptive-v2.0,COIN16,kucoin->bybit,0,5218%,0,0000,RADAR,CANDIDATO,Detectado por Adaptive Logic
14:22:52.322,Spatial-Adaptive-v2.0,COIN37,okx->mexc,0,3021%,0,0000,RADAR,CANDIDATO,Detectado por Adaptive Logic
14:22:52.322,Spatial-Adaptive-v2.0,COIN10,gateio->bybit,1,2220%,0,0000,RADAR,CANDIDATO,Detectado por Adaptive Logic
14:22:52.322,Spatial-Adaptive-v2.0,COIN23,kucoin->gateio,2,4037%,0,0000,RADAR,CANDIDATO,Detectado por Adaptive Logic
14:22:52.304,Spatial-Adaptive-v2.0,COIN4,bybit->kucoin,0,0789%,0,0000,RADAR,CANDIDATO,Detectado por Adaptive Logic
14:22:52.322,Spatial-Adaptive-v2.0,COIN37,kucoin->mexc,1,4638%,0,0000,RADAR,CANDIDATO,Detectado por Adaptive Logic
14:22:52.322,Spatial-Adaptive-v2.0,COIN16,binance->okx,0,2525%,0,0000,RADAR,CANDIDATO,Detectado por Adaptive Logic
14:22:52.323,Spatial-Adaptive-v2.0,COIN10,gateio->binance,3,9548%,0,0000,RADAR,CANDIDATO,Detectado por Adaptive Logic
14:22:52.323,Spatial-Adaptive-v2.0,COIN23,bybit->huobi,1,0718%,0,0000,RADAR,CANDIDATO,Detectado por Adaptive Logic
14:22:52.323,Spatial-Adaptive-v2.0,COIN37,kraken->gateio,0,3301%,0,0000,RADAR,CANDIDATO,Detectado por Adaptive Logic
14:22:52.323,Spatial-Adaptive-v2.0,COIN16,kucoin->binance,0,0815%,0,0000,RADAR,CANDIDATO,Detectado por Adaptive Logic
14:22:52.323,Spatial-Adaptive-v2.0,COIN10,gateio->okx,0,9305%,0,0000,RADAR,CANDIDATO,Detectado por Adaptive Logic
14:22:52.299,Spatial-Adaptive-v2.0,COIN19,huobi->bybit,1,5866%,0,0000,RADAR,CANDIDATO,Detectado por Adaptive Logic
14:22:52.323,Spatial-Adaptive-v2.0,COIN23,binance->huobi,0,6200%,0,0000,RADAR,CANDIDATO,Detectado por Adaptive Logic
14:22:52.323,Spatial-Adaptive-v2.0,COIN37,huobi->kraken,0,7711%,0,0000,RADAR,CANDIDATO,Detectado por Adaptive Logic
14:22:52.323,Spatial-Adaptive-v2.0,COIN16,kucoin->okx,0,3342%,0,0000,RADAR,CANDIDATO,Detectado por Adaptive Logic
14:22:52.323,Spatial-Adaptive-v2.0,COIN10,gateio->kucoin,0,6879%,0,0000,RADAR,CANDIDATO,Detectado por Adaptive Logic
14:22:52.323,Spatial-Adaptive-v2.0,COIN23,okx->huobi,0,0307%,0,0000,RADAR,RECHAZADO,Spread menor a umbral adaptativo
14:22:52.323,Spatial-Adaptive-v2.0,COIN19,huobi->binance,3,7435%,0,0000,RADAR,CANDIDATO,Detectado por Adaptive Logic
14:22:52.323,Spatial-Adaptive-v2.0,COIN37,bybit->kraken,1,3331%,0,0000,RADAR,CANDIDATO,Detectado por Adaptive Logic
14:22:52.306,Spatial-Adaptive-v2.0,COIN46,binance->huobi,0,2236%,0,0000,RADAR,CANDIDATO,Detectado por Adaptive Logic
14:22:52.323,Spatial-Adaptive-v2.0,COIN10,bybit->huobi,0,2329%,0,0000,RADAR,CANDIDATO,Detectado por Adaptive Logic
14:22:52.323,Spatial-Adaptive-v2.0,COIN23,huobi->kucoin,0,4217%,0,0000,RADAR,CANDIDATO,Detectado por Adaptive Logic
14:22:52.323,Spatial-Adaptive-v2.0,COIN37,kraken->binance,0,3997%,0,0000,RADAR,CANDIDATO,Detectado por Adaptive Logic
14:22:52.323,Spatial-Adaptive-v2.0,COIN10,huobi->binance,2,4611%,0,0000,RADAR,CANDIDATO,Detectado por Adaptive Logic
14:22:52.323,Spatial-Adaptive-v2.0,COIN46,huobi->okx,0,0849%,0,0000,RADAR,CANDIDATO,Detectado por Adaptive Logic
14:22:52.323,Spatial-Adaptive-v2.0,COIN23,bybit->binance,0,4490%,0,0000,RADAR,CANDIDATO,Detectado por Adaptive Logic
14:22:52.323,Spatial-Adaptive-v2.0,COIN37,okx->kraken,0,0820%,0,0000,RADAR,CANDIDATO,Detectado por Adaptive Logic
14:22:52.323,Spatial-Adaptive-v2.0,COIN10,okx->huobi,0,5224%,0,0000,RADAR,CANDIDATO,Detectado por Adaptive Logic
14:22:52.323,Spatial-Adaptive-v2.0,COIN46,kucoin->huobi,0,4648%,0,0000,RADAR,CANDIDATO,Detectado por Adaptive Logic
14:22:52.323,Spatial-Adaptive-v2.0,COIN23,bybit->okx,1,0407%,0,0000,RADAR,CANDIDATO,Detectado por Adaptive Logic
14:22:52.323,Spatial-Adaptive-v2.0,COIN37,kucoin->kraken,1,2411%,0,0000,RADAR,CANDIDATO,Detectado por Adaptive Logic
14:22:52.323,Spatial-Adaptive-v2.0,COIN10,kucoin->huobi,0,7646%,0,0000,RADAR,CANDIDATO,Detectado por Adaptive Logic
14:22:52.323,Spatial-Adaptive-v2.0,COIN46,binance->bybit,0,7821%,0,0000,RADAR,CANDIDATO,Detectado por Adaptive Logic
14:22:52.323,Spatial-Adaptive-v2.0,COIN23,bybit->kucoin,1,4979%,0,0000,RADAR,CANDIDATO,Detectado por Adaptive Logic
14:22:52.323,Spatial-Adaptive-v2.0,COIN37,huobi->gateio,1,1038%,0,0000,RADAR,CANDIDATO,Detectado por Adaptive Logic
14:22:52.323,Spatial-Adaptive-v2.0,COIN10,bybit->binance,2,6998%,0,0000,RADAR,CANDIDATO,Detectado por Adaptive Logic
14:22:52.324,Spatial-Adaptive-v2.0,COIN46,okx->bybit,0,4720%,0,0000,RADAR,CANDIDATO,Detectado por Adaptive Logic
14:22:52.324,Spatial-Adaptive-v2.0,COIN23,binance->okx,0,5891%,0,0000,RADAR,CANDIDATO,Detectado por Adaptive Logic
14:22:52.324,Spatial-Adaptive-v2.0,COIN37,bybit->gateio,1,6676%,0,0000,RADAR,CANDIDATO,Detectado por Adaptive Logic
14:22:52.324,Spatial-Adaptive-v2.0,COIN10,okx->bybit,0,2888%,0,0000,RADAR,CANDIDATO,Detectado por Adaptive Logic
14:22:52.324,Spatial-Adaptive-v2.0,COIN46,kucoin->bybit,1,0246%,0,0000,RADAR,CANDIDATO,Detectado por Adaptive Logic
14:22:52.324,Spatial-Adaptive-v2.0,COIN23,binance->kucoin,1,0443%,0,0000,RADAR,CANDIDATO,Detectado por Adaptive Logic
14:22:52.324,Spatial-Adaptive-v2.0,COIN37,gateio->binance,0,0694%,0,0000,RADAR,CANDIDATO,Detectado por Adaptive Logic
14:22:52.324,Spatial-Adaptive-v2.0,COIN10,kucoin->bybit,0,5305%,0,0000,RADAR,CANDIDATO,Detectado por Adaptive Logic
14:22:52.324,Spatial-Adaptive-v2.0,COIN46,binance->okx,0,3086%,0,0000,RADAR,CANDIDATO,Detectado por Adaptive Logic
14:22:52.324,Spatial-Adaptive-v2.0,COIN23,okx->kucoin,0,4525%,0,0000,RADAR,CANDIDATO,Detectado por Adaptive Logic
14:22:52.324,Spatial-Adaptive-v2.0,COIN37,okx->gateio,0,4123%,0,0000,RADAR,CANDIDATO,Detectado por Adaptive Logic
14:22:52.324,Spatial-Adaptive-v2.0,COIN10,okx->binance,2,9964%,0,0000,RADAR,CANDIDATO,Detectado por Adaptive Logic
14:22:52.324,Spatial-Adaptive-v2.0,COIN46,kucoin->binance,0,2407%,0,0000,RADAR,CANDIDATO,Detectado por Adaptive Logic
14:22:52.308,Spatial-Adaptive-v2.0,COIN5,bybit->kucoin,0,2373%,0,0000,RADAR,CANDIDATO,Detectado por Adaptive Logic
14:22:52.324,Spatial-Adaptive-v2.0,COIN37,kucoin->gateio,1,5753%,0,0000,RADAR,CANDIDATO,Detectado por Adaptive Logic
14:22:52.321,Spatial-Adaptive-v2.0,COIN26,mexc->kucoin,0,0607%,0,0000,RADAR,CANDIDATO,Detectado por Adaptive Logic
14:22:52.324,Spatial-Adaptive-v2.0,COIN10,kucoin->binance,3,2446%,0,0000,RADAR,CANDIDATO,Detectado por Adaptive Logic
14:22:52.324,Spatial-Adaptive-v2.0,COIN46,kucoin->okx,0,5500%,0,0000,RADAR,CANDIDATO,Detectado por Adaptive Logic
14:22:52.324,Spatial-Adaptive-v2.0,COIN5,binance->okx,1,4299%,0,0000,RADAR,CANDIDATO,Detectado por Adaptive Logic
14:22:52.309,Spatial-Adaptive-v2.0,COIN3,bybit->kraken,0,1368%,0,0000,RADAR,CANDIDATO,Detectado por Adaptive Logic
14:22:52.324,Spatial-Adaptive-v2.0,COIN37,bybit->huobi,0,5577%,0,0000,RADAR,CANDIDATO,Detectado por Adaptive Logic
14:22:52.324,Spatial-Adaptive-v2.0,COIN26,kraken->gateio,1,3020%,0,0000,RADAR,CANDIDATO,Detectado por Adaptive Logic
14:22:52.324,Spatial-Adaptive-v2.0,COIN10,kucoin->okx,0,2410%,0,0000,RADAR,CANDIDATO,Detectado por Adaptive Logic
14:22:52.324,Spatial-Adaptive-v2.0,COIN5,binance->kucoin,0,8729%,0,0000,RADAR,CANDIDATO,Detectado por Adaptive Logic
14:22:52.311,Spatial-Adaptive-v2.0,COIN27,huobi->kraken,2,3951%,0,0000,RADAR,CANDIDATO,Detectado por Adaptive Logic
14:22:52.324,Spatial-Adaptive-v2.0,COIN37,huobi->binance,1,1740%,0,0000,RADAR,CANDIDATO,Detectado por Adaptive Logic
14:22:52.324,Spatial-Adaptive-v2.0,COIN26,huobi->kraken,0,1187%,0,0000,RADAR,CANDIDATO,Detectado por Adaptive Logic
14:22:52.324,Spatial-Adaptive-v2.0,COIN5,kucoin->okx,0,5522%,0,0000,RADAR,CANDIDATO,Detectado por Adaptive Logic
14:22:52.324,Spatial-Adaptive-v2.0,COIN27,bybit->kraken,2,2663%,0,0000,RADAR,CANDIDATO,Detectado por Adaptive Logic
14:22:52.324,Spatial-Adaptive-v2.0,COIN37,huobi->okx,0,6886%,0,0000,RADAR,CANDIDATO,Detectado por Adaptive Logic
14:22:52.324,Spatial-Adaptive-v2.0,COIN26,kraken->bybit,1,0523%,0,0000,RADAR,CANDIDATO,Detectado por Adaptive Logic
14:22:52.325,Spatial-Adaptive-v2.0,COIN27,binance->kraken,2,0933%,0,0000,RADAR,CANDIDATO,Detectado por Adaptive Logic
14:22:52.325,Spatial-Adaptive-v2.0,COIN26,kraken->binance,1,2937%,0,0000,RADAR,CANDIDATO,Detectado por Adaptive Logic
14:22:52.325,Spatial-Adaptive-v2.0,COIN37,kucoin->huobi,0,4664%,0,0000,RADAR,CANDIDATO,Detectado por Adaptive Logic
14:22:52.325,Spatial-Adaptive-v2.0,COIN27,okx->kraken,2,3543%,0,0000,RADAR,CANDIDATO,Detectado por Adaptive Logic
14:22:52.325,Spatial-Adaptive-v2.0,COIN26,kraken->okx,0,2423%,0,0000,RADAR,CANDIDATO,Detectado por Adaptive Logic
14:22:52.325,Spatial-Adaptive-v2.0,COIN37,bybit->binance,1,7382%,0,0000,RADAR,CANDIDATO,Detectado por Adaptive Logic
14:22:52.325,Spatial-Adaptive-v2.0,COIN26,kraken->kucoin,0,1943%,0,0000,RADAR,CANDIDATO,Detectado por Adaptive Logic
14:22:52.325,Spatial-Adaptive-v2.0,COIN27,kucoin->kraken,2,3160%,0,0000,RADAR,CANDIDATO,Detectado por Adaptive Logic
14:22:52.325,Spatial-Adaptive-v2.0,COIN37,bybit->okx,1,2501%,0,0000,RADAR,CANDIDATO,Detectado por Adaptive Logic
14:22:52.325,Spatial-Adaptive-v2.0,COIN26,huobi->gateio,1,4223%,0,0000,RADAR,CANDIDATO,Detectado por Adaptive Logic
14:22:52.321,Spatial-Adaptive-v2.0,COIN35,binance->mexc,0,3321%,0,0000,RADAR,CANDIDATO,Detectado por Adaptive Logic
14:22:52.325,Spatial-Adaptive-v2.0,COIN26,bybit->gateio,0,2472%,0,0000,RADAR,CANDIDATO,Detectado por Adaptive Logic
14:22:52.325,Spatial-Adaptive-v2.0,COIN35,mexc->okx,0,6711%,0,0000,RADAR,CANDIDATO,Detectado por Adaptive Logic
14:22:52.325,Spatial-Adaptive-v2.0,COIN26,binance->gateio,0,0083%,0,0000,RADAR,RECHAZADO,Spread menor a umbral adaptativo
14:22:52.325,Spatial-Adaptive-v2.0,COIN35,mexc->kucoin,0,3788%,0,0000,RADAR,CANDIDATO,Detectado por Adaptive Logic
14:22:52.325,Spatial-Adaptive-v2.0,COIN26,okx->gateio,1,0572%,0,0000,RADAR,CANDIDATO,Detectado por Adaptive Logic
14:22:52.325,Spatial-Adaptive-v2.0,COIN26,kucoin->gateio,1,1056%,0,0000,RADAR,CANDIDATO,Detectado por Adaptive Logic
14:22:52.325,Spatial-Adaptive-v2.0,COIN35,kraken->gateio,0,7073%,0,0000,RADAR,CANDIDATO,Detectado por Adaptive Logic
14:22:52.326,Spatial-Adaptive-v2.0,COIN26,huobi->bybit,1,1722%,0,0000,RADAR,CANDIDATO,Detectado por Adaptive Logic
14:22:52.326,Spatial-Adaptive-v2.0,COIN35,kraken->huobi,0,0725%,0,0000,RADAR,CANDIDATO,Detectado por Adaptive Logic
14:22:52.326,Spatial-Adaptive-v2.0,COIN26,huobi->binance,1,4139%,0,0000,RADAR,CANDIDATO,Detectado por Adaptive Logic
14:22:52.326,Spatial-Adaptive-v2.0,COIN35,kraken->bybit,0,5420%,0,0000,RADAR,CANDIDATO,Detectado por Adaptive Logic
14:22:52.326,Spatial-Adaptive-v2.0,COIN26,huobi->okx,0,3613%,0,0000,RADAR,CANDIDATO,Detectado por Adaptive Logic
14:22:52.326,Spatial-Adaptive-v2.0,COIN35,binance->kraken,0,1513%,0,0000,RADAR,CANDIDATO,Detectado por Adaptive Logic
14:22:52.326,Spatial-Adaptive-v2.0,COIN26,huobi->kucoin,0,3132%,0,0000,RADAR,CANDIDATO,Detectado por Adaptive Logic
14:22:52.323,Spatial-Adaptive-v2.0,COIN19,okx->huobi,0,1869%,0,0000,RADAR,CANDIDATO,Detectado por Adaptive Logic
14:22:52.326,Spatial-Adaptive-v2.0,COIN35,kraken->okx,0,8529%,0,0000,RADAR,CANDIDATO,Detectado por Adaptive Logic
14:22:52.326,Spatial-Adaptive-v2.0,COIN26,bybit->binance,0,2389%,0,0000,RADAR,CANDIDATO,Detectado por Adaptive Logic
14:22:52.326,Spatial-Adaptive-v2.0,COIN19,huobi->kucoin,0,5238%,0,0000,RADAR,CANDIDATO,Detectado por Adaptive Logic
14:22:52.326,Spatial-Adaptive-v2.0,COIN35,kraken->kucoin,0,5600%,0,0000,RADAR,CANDIDATO,Detectado por Adaptive Logic
14:22:52.326,Spatial-Adaptive-v2.0,COIN26,okx->bybit,0,8080%,0,0000,RADAR,CANDIDATO,Detectado por Adaptive Logic
14:22:52.326,Spatial-Adaptive-v2.0,COIN19,bybit->binance,2,1232%,0,0000,RADAR,CANDIDATO,Detectado por Adaptive Logic
14:22:52.326,Spatial-Adaptive-v2.0,COIN35,huobi->gateio,0,6344%,0,0000,RADAR,CANDIDATO,Detectado por Adaptive Logic
14:22:52.326,Spatial-Adaptive-v2.0,COIN26,kucoin->bybit,0,8563%,0,0000,RADAR,CANDIDATO,Detectado por Adaptive Logic
14:22:52.326,Spatial-Adaptive-v2.0,COIN19,okx->bybit,1,7766%,0,0000,RADAR,CANDIDATO,Detectado por Adaptive Logic
14:22:52.326,Spatial-Adaptive-v2.0,COIN35,bybit->gateio,0,1643%,0,0000,RADAR,CANDIDATO,Detectado por Adaptive Logic
14:22:52.327,Spatial-Adaptive-v2.0,COIN19,kucoin->bybit,1,0573%,0,0000,RADAR,CANDIDATO,Detectado por Adaptive Logic
14:22:52.327,Spatial-Adaptive-v2.0,COIN35,binance->gateio,0,8596%,0,0000,RADAR,CANDIDATO,Detectado por Adaptive Logic
14:22:52.327,Spatial-Adaptive-v2.0,COIN26,okx->binance,1,0488%,0,0000,RADAR,CANDIDATO,Detectado por Adaptive Logic
14:22:52.327,Spatial-Adaptive-v2.0,COIN19,okx->binance,3,9374%,0,0000,RADAR,CANDIDATO,Detectado por Adaptive Logic
14:22:52.327,Spatial-Adaptive-v2.0,COIN35,gateio->okx,0,1446%,0,0000,RADAR,CANDIDATO,Detectado por Adaptive Logic
14:22:52.327,Spatial-Adaptive-v2.0,COIN26,kucoin->binance,1,0973%,0,0000,RADAR,CANDIDATO,Detectado por Adaptive Logic
14:22:52.327,Spatial-Adaptive-v2.0,COIN35,kucoin->gateio,0,1464%,0,0000,RADAR,CANDIDATO,Detectado por Adaptive Logic
14:22:52.327,Spatial-Adaptive-v2.0,COIN19,kucoin->binance,3,2029%,0,0000,RADAR,CANDIDATO,Detectado por Adaptive Logic
14:22:52.327,Spatial-Adaptive-v2.0,COIN26,kucoin->okx,0,0480%,0,0000,RADAR,RECHAZADO,Spread menor a umbral adaptativo
14:22:52.327,Spatial-Adaptive-v2.0,COIN19,okx->kucoin,0,7117%,0,0000,RADAR,CANDIDATO,Detectado por Adaptive Logic
14:22:52.327,Spatial-Adaptive-v2.0,COIN35,huobi->bybit,0,4692%,0,0000,RADAR,CANDIDATO,Detectado por Adaptive Logic
14:22:52.312,Spatial-Adaptive-v2.0,COIN0,okx->mexc,2,5464%,0,0000,RADAR,CANDIDATO,Detectado por Adaptive Logic
14:22:52.327,Spatial-Adaptive-v2.0,COIN35,binance->huobi,0,2238%,0,0000,RADAR,CANDIDATO,Detectado por Adaptive Logic
14:22:52.327,Spatial-Adaptive-v2.0,COIN35,huobi->okx,0,7798%,0,0000,RADAR,CANDIDATO,Detectado por Adaptive Logic
14:22:52.327,Spatial-Adaptive-v2.0,COIN0,kucoin->mexc,3,8511%,0,0000,RADAR,CANDIDATO,Detectado por Adaptive Logic
14:22:52.327,Spatial-Adaptive-v2.0,COIN35,huobi->kucoin,0,4872%,0,0000,RADAR,CANDIDATO,Detectado por Adaptive Logic
14:22:52.327,Spatial-Adaptive-v2.0,COIN0,kraken->gateio,0,7503%,0,0000,RADAR,CANDIDATO,Detectado por Adaptive Logic
14:22:52.327,Spatial-Adaptive-v2.0,COIN35,binance->bybit,0,6941%,0,0000,RADAR,CANDIDATO,Detectado por Adaptive Logic
14:22:52.328,Spatial-Adaptive-v2.0,COIN0,kraken->huobi,0,2072%,0,0000,RADAR,CANDIDATO,Detectado por Adaptive Logic
14:22:52.328,Spatial-Adaptive-v2.0,COIN35,bybit->okx,0,3091%,0,0000,RADAR,CANDIDATO,Detectado por Adaptive Logic
14:22:52.328,Spatial-Adaptive-v2.0,COIN0,kraken->bybit,0,9849%,0,0000,RADAR,CANDIDATO,Detectado por Adaptive Logic
14:22:52.328,Spatial-Adaptive-v2.0,COIN35,bybit->kucoin,0,0179%,0,0000,RADAR,RECHAZADO,Spread menor a umbral adaptativo
14:22:52.328,Spatial-Adaptive-v2.0,COIN0,kraken->binance,3,8674%,0,0000,RADAR,CANDIDATO,Detectado por Adaptive Logic
14:22:52.328,Spatial-Adaptive-v2.0,COIN35,binance->okx,1,0054%,0,0000,RADAR,CANDIDATO,Detectado por Adaptive Logic
14:22:52.328,Spatial-Adaptive-v2.0,COIN0,kraken->okx,1,2881%,0,0000,RADAR,CANDIDATO,Detectado por Adaptive Logic
14:22:52.325,Spatial-Adaptive-v2.0,COIN37,bybit->kucoin,0,0909%,0,0000,RADAR,CANDIDATO,Detectado por Adaptive Logic
14:22:52.312,Spatial-Adaptive-v2.0,COIN39,huobi->gateio,0,4706%,0,0000,RADAR,CANDIDATO,Detectado por Adaptive Logic
14:22:52.328,Spatial-Adaptive-v2.0,COIN0,kraken->kucoin,0,0157%,0,0000,RADAR,RECHAZADO,Spread menor a umbral adaptativo
14:22:52.328,Spatial-Adaptive-v2.0,COIN37,okx->binance,0,4820%,0,0000,RADAR,CANDIDATO,Detectado por Adaptive Logic
14:22:52.328,Spatial-Adaptive-v2.0,COIN39,bybit->gateio,0,3060%,0,0000,RADAR,CANDIDATO,Detectado por Adaptive Logic
14:22:52.328,Spatial-Adaptive-v2.0,COIN0,huobi->gateio,0,5420%,0,0000,RADAR,CANDIDATO,Detectado por Adaptive Logic
14:22:52.328,Spatial-Adaptive-v2.0,COIN37,kucoin->binance,1,6458%,0,0000,RADAR,CANDIDATO,Detectado por Adaptive Logic
14:22:52.328,Spatial-Adaptive-v2.0,COIN39,binance->gateio,1,1980%,0,0000,RADAR,CANDIDATO,Detectado por Adaptive Logic
14:22:52.328,Spatial-Adaptive-v2.0,COIN0,gateio->bybit,0,2328%,0,0000,RADAR,CANDIDATO,Detectado por Adaptive Logic
14:22:52.328,Spatial-Adaptive-v2.0,COIN37,kucoin->okx,1,1582%,0,0000,RADAR,CANDIDATO,Detectado por Adaptive Logic
14:22:52.328,Spatial-Adaptive-v2.0,COIN39,okx->gateio,0,0279%,0,0000,RADAR,RECHAZADO,Spread menor a umbral adaptativo
14:22:52.329,Spatial-Adaptive-v2.0,COIN0,gateio->binance,3,0938%,0,0000,RADAR,CANDIDATO,Detectado por Adaptive Logic
14:22:52.313,Spatial-Adaptive-v2.0,COIN25,gateio->huobi,1,7778%,0,0000,RADAR,CANDIDATO,Detectado por Adaptive Logic
14:22:52.329,Spatial-Adaptive-v2.0,COIN39,kucoin->gateio,0,1305%,0,0000,RADAR,CANDIDATO,Detectado por Adaptive Logic
14:22:52.315,Spatial-Adaptive-v2.0,COIN24,huobi->bybit,0,6136%,0,0000,RADAR,CANDIDATO,Detectado por Adaptive Logic
14:22:52.329,Spatial-Adaptive-v2.0,COIN0,gateio->okx,0,5338%,0,0000,RADAR,CANDIDATO,Detectado por Adaptive Logic
14:22:52.329,Spatial-Adaptive-v2.0,COIN25,gateio->bybit,0,9638%,0,0000,RADAR,CANDIDATO,Detectado por Adaptive Logic
14:22:52.329,Spatial-Adaptive-v2.0,COIN39,huobi->bybit,0,1641%,0,0000,RADAR,CANDIDATO,Detectado por Adaptive Logic
14:22:52.329,Spatial-Adaptive-v2.0,COIN0,kucoin->gateio,0,7345%,0,0000,RADAR,CANDIDATO,Detectado por Adaptive Logic
14:22:52.329,Spatial-Adaptive-v2.0,COIN24,huobi->binance,1,0038%,0,0000,RADAR,CANDIDATO,Detectado por Adaptive Logic
14:22:52.329,Spatial-Adaptive-v2.0,COIN25,gateio->binance,1,0282%,0,0000,RADAR,CANDIDATO,Detectado por Adaptive Logic
14:22:52.329,Spatial-Adaptive-v2.0,COIN39,binance->huobi,0,7240%,0,0000,RADAR,CANDIDATO,Detectado por Adaptive Logic
14:22:52.329,Spatial-Adaptive-v2.0,COIN0,huobi->bybit,0,7761%,0,0000,RADAR,CANDIDATO,Detectado por Adaptive Logic
14:22:52.329,Spatial-Adaptive-v2.0,COIN24,okx->huobi,0,3165%,0,0000,RADAR,CANDIDATO,Detectado por Adaptive Logic
14:22:52.329,Spatial-Adaptive-v2.0,COIN25,okx->gateio,0,1044%,0,0000,RADAR,CANDIDATO,Detectado por Adaptive Logic
14:22:52.329,Spatial-Adaptive-v2.0,COIN39,huobi->okx,0,4426%,0,0000,RADAR,CANDIDATO,Detectado por Adaptive Logic
14:22:52.329,Spatial-Adaptive-v2.0,COIN0,huobi->binance,3,6526%,0,0000,RADAR,CANDIDATO,Detectado por Adaptive Logic
14:22:52.329,Spatial-Adaptive-v2.0,COIN24,kucoin->huobi,0,1642%,0,0000,RADAR,CANDIDATO,Detectado por Adaptive Logic
14:22:52.329,Spatial-Adaptive-v2.0,COIN25,gateio->kucoin,3,8231%,0,0000,RADAR,CANDIDATO,Detectado por Adaptive Logic
14:22:52.329,Spatial-Adaptive-v2.0,COIN39,huobi->kucoin,0,3396%,0,0000,RADAR,CANDIDATO,Detectado por Adaptive Logic
14:22:52.329,Spatial-Adaptive-v2.0,COIN0,huobi->okx,1,0787%,0,0000,RADAR,CANDIDATO,Detectado por Adaptive Logic
14:22:52.329,Spatial-Adaptive-v2.0,COIN24,bybit->binance,0,3878%,0,0000,RADAR,CANDIDATO,Detectado por Adaptive Logic
14:22:52.329,Spatial-Adaptive-v2.0,COIN25,bybit->huobi,0,8062%,0,0000,RADAR,CANDIDATO,Detectado por Adaptive Logic
14:22:52.329,Spatial-Adaptive-v2.0,COIN39,binance->bybit,0,8893%,0,0000,RADAR,CANDIDATO,Detectado por Adaptive Logic
14:22:52.329,Spatial-Adaptive-v2.0,COIN0,kucoin->huobi,0,1915%,0,0000,RADAR,CANDIDATO,Detectado por Adaptive Logic
14:22:52.329,Spatial-Adaptive-v2.0,COIN24,okx->bybit,0,9320%,0,0000,RADAR,CANDIDATO,Detectado por Adaptive Logic
14:22:52.329,Spatial-Adaptive-v2.0,COIN25,binance->huobi,0,7420%,0,0000,RADAR,CANDIDATO,Detectado por Adaptive Logic
14:22:52.329,Spatial-Adaptive-v2.0,COIN39,bybit->okx,0,2780%,0,0000,RADAR,CANDIDATO,Detectado por Adaptive Logic
14:22:52.329,Spatial-Adaptive-v2.0,COIN0,bybit->binance,2,8544%,0,0000,RADAR,CANDIDATO,Detectado por Adaptive Logic
14:22:52.330,Spatial-Adaptive-v2.0,COIN25,okx->huobi,1,8840%,0,0000,RADAR,CANDIDATO,Detectado por Adaptive Logic
14:22:52.330,Spatial-Adaptive-v2.0,COIN39,bybit->kucoin,0,1753%,0,0000,RADAR,CANDIDATO,Detectado por Adaptive Logic
14:22:52.330,Spatial-Adaptive-v2.0,COIN24,kucoin->bybit,0,7788%,0,0000,RADAR,CANDIDATO,Detectado por Adaptive Logic
14:22:52.330,Spatial-Adaptive-v2.0,COIN0,bybit->okx,0,3003%,0,0000,RADAR,CANDIDATO,Detectado por Adaptive Logic
14:22:52.330,Spatial-Adaptive-v2.0,COIN25,huobi->kucoin,2,0096%,0,0000,RADAR,CANDIDATO,Detectado por Adaptive Logic
14:22:52.330,Spatial-Adaptive-v2.0,COIN39,binance->okx,1,1698%,0,0000,RADAR,CANDIDATO,Detectado por Adaptive Logic
14:22:52.330,Spatial-Adaptive-v2.0,COIN24,okx->binance,1,3234%,0,0000,RADAR,CANDIDATO,Detectado por Adaptive Logic
14:22:52.330,Spatial-Adaptive-v2.0,COIN0,kucoin->bybit,0,9690%,0,0000,RADAR,CANDIDATO,Detectado por Adaptive Logic
14:22:52.330,Spatial-Adaptive-v2.0,COIN39,binance->kucoin,1,0661%,0,0000,RADAR,CANDIDATO,Detectado por Adaptive Logic
14:22:52.330,Spatial-Adaptive-v2.0,COIN25,bybit->binance,0,0637%,0,0000,RADAR,CANDIDATO,Detectado por Adaptive Logic
14:22:52.330,Spatial-Adaptive-v2.0,COIN24,kucoin->binance,1,1696%,0,0000,RADAR,CANDIDATO,Detectado por Adaptive Logic
14:22:52.330,Spatial-Adaptive-v2.0,COIN0,okx->binance,2,5464%,0,0000,RADAR,CANDIDATO,Detectado por Adaptive Logic
14:22:52.330,Spatial-Adaptive-v2.0,COIN39,kucoin->okx,0,1026%,0,0000,RADAR,CANDIDATO,Detectado por Adaptive Logic
14:22:52.330,Spatial-Adaptive-v2.0,COIN25,okx->bybit,1,0692%,0,0000,RADAR,CANDIDATO,Detectado por Adaptive Logic
14:22:52.330,Spatial-Adaptive-v2.0,COIN24,okx->kucoin,0,1521%,0,0000,RADAR,CANDIDATO,Detectado por Adaptive Logic
14:22:52.330,Spatial-Adaptive-v2.0,COIN0,kucoin->binance,3,8511%,0,0000,RADAR,CANDIDATO,Detectado por Adaptive Logic
14:22:52.330,Spatial-Adaptive-v2.0,COIN25,bybit->kucoin,2,8320%,0,0000,RADAR,CANDIDATO,Detectado por Adaptive Logic
14:22:52.330,Spatial-Adaptive-v2.0,COIN0,kucoin->okx,1,2723%,0,0000,RADAR,CANDIDATO,Detectado por Adaptive Logic
14:22:52.330,Spatial-Adaptive-v2.0,COIN25,okx->binance,1,1336%,0,0000,RADAR,CANDIDATO,Detectado por Adaptive Logic
14:22:52.330,Spatial-Adaptive-v2.0,COIN25,binance->kucoin,2,7665%,0,0000,RADAR,CANDIDATO,Detectado por Adaptive Logic
14:22:52.328,Spatial-Adaptive-v2.0,COIN35,binance->kucoin,0,7121%,0,0000,RADAR,CANDIDATO,Detectado por Adaptive Logic
14:22:52.331,Spatial-Adaptive-v2.0,COIN25,okx->kucoin,3,9315%,0,0000,RADAR,CANDIDATO,Detectado por Adaptive Logic
14:22:52.331,Spatial-Adaptive-v2.0,COIN35,kucoin->okx,0,2912%,0,0000,RADAR,CANDIDATO,Detectado por Adaptive Logic
14:22:52.316,Spatial-Adaptive-v2.0,COIN33,mexc->binance,0,0310%,0,0000,RADAR,RECHAZADO,Spread menor a umbral adaptativo
14:22:52.331,Spatial-Adaptive-v2.0,COIN33,okx->mexc,0,2059%,0,0000,RADAR,CANDIDATO,Detectado por Adaptive Logic
14:22:52.331,Spatial-Adaptive-v2.0,COIN33,mexc->kucoin,0,6765%,0,0000,RADAR,CANDIDATO,Detectado por Adaptive Logic
14:22:52.331,Spatial-Adaptive-v2.0,COIN33,kraken->gateio,0,2028%,0,0000,RADAR,CANDIDATO,Detectado por Adaptive Logic
14:22:52.331,Spatial-Adaptive-v2.0,COIN33,kraken->huobi,3,5516%,0,0000,RADAR,CANDIDATO,Detectado por Adaptive Logic
14:22:52.331,Spatial-Adaptive-v2.0,COIN33,kraken->bybit,0,0365%,0,0000,RADAR,RECHAZADO,Spread menor a umbral adaptativo
14:22:52.332,Spatial-Adaptive-v2.0,COIN33,kraken->binance,0,7614%,0,0000,RADAR,CANDIDATO,Detectado por Adaptive Logic
14:22:52.332,Spatial-Adaptive-v2.0,COIN33,kraken->okx,0,5232%,0,0000,RADAR,CANDIDATO,Detectado por Adaptive Logic
14:22:52.332,Spatial-Adaptive-v2.0,COIN33,kraken->kucoin,1,4116%,0,0000,RADAR,CANDIDATO,Detectado por Adaptive Logic
14:22:52.332,Spatial-Adaptive-v2.0,COIN33,gateio->huobi,3,3421%,0,0000,RADAR,CANDIDATO,Detectado por Adaptive Logic
14:22:52.332,Spatial-Adaptive-v2.0,COIN33,bybit->gateio,0,1662%,0,0000,RADAR,CANDIDATO,Detectado por Adaptive Logic
14:22:52.316,Spatial-Adaptive-v2.0,COIN13,kraken->kucoin,0,7417%,0,0000,RADAR,CANDIDATO,Detectado por Adaptive Logic
14:22:52.332,Spatial-Adaptive-v2.0,COIN33,gateio->binance,0,5575%,0,0000,RADAR,CANDIDATO,Detectado por Adaptive Logic
14:22:52.332,Spatial-Adaptive-v2.0,COIN13,huobi->gateio,0,5071%,0,0000,RADAR,CANDIDATO,Detectado por Adaptive Logic
14:22:52.332,Spatial-Adaptive-v2.0,COIN33,gateio->okx,0,3198%,0,0000,RADAR,CANDIDATO,Detectado por Adaptive Logic
14:22:52.333,Spatial-Adaptive-v2.0,COIN13,gateio->bybit,0,2663%,0,0000,RADAR,CANDIDATO,Detectado por Adaptive Logic
14:22:52.333,Spatial-Adaptive-v2.0,COIN33,gateio->kucoin,1,2064%,0,0000,RADAR,CANDIDATO,Detectado por Adaptive Logic
14:22:52.333,Spatial-Adaptive-v2.0,COIN13,gateio->binance,0,3215%,0,0000,RADAR,CANDIDATO,Detectado por Adaptive Logic
14:22:52.333,Spatial-Adaptive-v2.0,COIN33,bybit->huobi,3,5138%,0,0000,RADAR,CANDIDATO,Detectado por Adaptive Logic
14:22:52.333,Spatial-Adaptive-v2.0,COIN33,binance->huobi,2,7691%,0,0000,RADAR,CANDIDATO,Detectado por Adaptive Logic
14:22:52.333,Spatial-Adaptive-v2.0,COIN13,gateio->okx,0,4784%,0,0000,RADAR,CANDIDATO,Detectado por Adaptive Logic
14:22:52.333,Spatial-Adaptive-v2.0,COIN33,okx->huobi,3,0126%,0,0000,RADAR,CANDIDATO,Detectado por Adaptive Logic
14:22:52.333,Spatial-Adaptive-v2.0,COIN13,gateio->kucoin,0,3314%,0,0000,RADAR,CANDIDATO,Detectado por Adaptive Logic
14:22:52.333,Spatial-Adaptive-v2.0,COIN33,kucoin->huobi,2,1102%,0,0000,RADAR,CANDIDATO,Detectado por Adaptive Logic
14:22:52.333,Spatial-Adaptive-v2.0,COIN13,huobi->bybit,0,7747%,0,0000,RADAR,CANDIDATO,Detectado por Adaptive Logic
14:22:52.333,Spatial-Adaptive-v2.0,COIN33,bybit->binance,0,7246%,0,0000,RADAR,CANDIDATO,Detectado por Adaptive Logic
14:22:52.333,Spatial-Adaptive-v2.0,COIN13,huobi->binance,0,8302%,0,0000,RADAR,CANDIDATO,Detectado por Adaptive Logic
14:22:52.333,Spatial-Adaptive-v2.0,COIN33,bybit->okx,0,4865%,0,0000,RADAR,CANDIDATO,Detectado por Adaptive Logic
14:22:52.333,Spatial-Adaptive-v2.0,COIN13,huobi->okx,0,9879%,0,0000,RADAR,CANDIDATO,Detectado por Adaptive Logic
14:22:52.333,Spatial-Adaptive-v2.0,COIN33,bybit->kucoin,1,3746%,0,0000,RADAR,CANDIDATO,Detectado por Adaptive Logic
14:22:52.334,Spatial-Adaptive-v2.0,COIN13,huobi->kucoin,0,8401%,0,0000,RADAR,CANDIDATO,Detectado por Adaptive Logic
14:22:52.334,Spatial-Adaptive-v2.0,COIN33,okx->binance,0,2370%,0,0000,RADAR,CANDIDATO,Detectado por Adaptive Logic
14:22:52.334,Spatial-Adaptive-v2.0,COIN13,bybit->binance,0,0551%,0,0000,RADAR,CANDIDATO,Detectado por Adaptive Logic
14:22:52.334,Spatial-Adaptive-v2.0,COIN33,binance->kucoin,0,6453%,0,0000,RADAR,CANDIDATO,Detectado por Adaptive Logic
14:22:52.334,Spatial-Adaptive-v2.0,COIN13,bybit->okx,0,2115%,0,0000,RADAR,CANDIDATO,Detectado por Adaptive Logic
14:22:52.334,Spatial-Adaptive-v2.0,COIN33,okx->kucoin,0,8838%,0,0000,RADAR,CANDIDATO,Detectado por Adaptive Logic
14:22:52.334,Spatial-Adaptive-v2.0,COIN13,bybit->kucoin,0,0649%,0,0000,RADAR,CANDIDATO,Detectado por Adaptive Logic
14:22:52.313,Spatial-Adaptive-v2.0,COIN31,huobi->kraken,0,1274%,0,0000,RADAR,CANDIDATO,Detectado por Adaptive Logic
14:22:52.316,Spatial-Adaptive-v2.0,COIN29,huobi->gateio,1,2965%,0,0000,RADAR,CANDIDATO,Detectado por Adaptive Logic
14:22:52.334,Spatial-Adaptive-v2.0,COIN13,binance->okx,0,1564%,0,0000,RADAR,CANDIDATO,Detectado por Adaptive Logic
14:22:52.319,Spatial-Adaptive-v2.0,COIN36,kucoin->kraken,0,9089%,0,0000,RADAR,CANDIDATO,Detectado por Adaptive Logic
14:22:52.319,Spatial-Adaptive-v2.0,COIN38,bybit->huobi,0,7299%,0,0000,RADAR,CANDIDATO,Detectado por Adaptive Logic
14:22:52.334,Spatial-Adaptive-v2.0,COIN13,binance->kucoin,0,0098%,0,0000,RADAR,RECHAZADO,Spread menor a umbral adaptativo
14:22:52.334,Spatial-Adaptive-v2.0,COIN29,bybit->gateio,0,7229%,0,0000,RADAR,CANDIDATO,Detectado por Adaptive Logic
14:22:52.334,Spatial-Adaptive-v2.0,COIN29,binance->gateio,0,0996%,0,0000,RADAR,CANDIDATO,Detectado por Adaptive Logic
14:22:52.334,Spatial-Adaptive-v2.0,COIN13,kucoin->okx,0,1466%,0,0000,RADAR,CANDIDATO,Detectado por Adaptive Logic
14:22:52.334,Spatial-Adaptive-v2.0,COIN38,huobi->binance,0,1360%,0,0000,RADAR,CANDIDATO,Detectado por Adaptive Logic
14:22:52.319,Spatial-Adaptive-v2.0,COIN30,huobi->okx,0,2113%,0,0000,RADAR,CANDIDATO,Detectado por Adaptive Logic
14:22:52.334,Spatial-Adaptive-v2.0,COIN29,okx->gateio,0,7579%,0,0000,RADAR,CANDIDATO,Detectado por Adaptive Logic
14:22:52.334,Spatial-Adaptive-v2.0,COIN38,huobi->okx,0,2172%,0,0000,RADAR,CANDIDATO,Detectado por Adaptive Logic
14:22:52.335,Spatial-Adaptive-v2.0,COIN30,huobi->kucoin,1,0031%,0,0000,RADAR,CANDIDATO,Detectado por Adaptive Logic
14:22:52.335,Spatial-Adaptive-v2.0,COIN29,gateio->kucoin,0,1956%,0,0000,RADAR,CANDIDATO,Detectado por Adaptive Logic
14:22:52.335,Spatial-Adaptive-v2.0,COIN38,kucoin->huobi,1,5085%,0,0000,RADAR,CANDIDATO,Detectado por Adaptive Logic
14:22:52.335,Spatial-Adaptive-v2.0,COIN30,bybit->binance,0,1176%,0,0000,RADAR,CANDIDATO,Detectado por Adaptive Logic
14:22:52.335,Spatial-Adaptive-v2.0,COIN29,huobi->bybit,0,5695%,0,0000,RADAR,CANDIDATO,Detectado por Adaptive Logic
14:22:52.335,Spatial-Adaptive-v2.0,COIN38,bybit->binance,0,8669%,0,0000,RADAR,CANDIDATO,Detectado por Adaptive Logic
14:22:52.335,Spatial-Adaptive-v2.0,COIN31,bybit->kraken,0,8422%,0,0000,RADAR,CANDIDATO,Detectado por Adaptive Logic
14:22:52.335,Spatial-Adaptive-v2.0,COIN30,bybit->okx,0,7479%,0,0000,RADAR,CANDIDATO,Detectado por Adaptive Logic
14:22:52.335,Spatial-Adaptive-v2.0,COIN29,huobi->binance,1,1957%,0,0000,RADAR,CANDIDATO,Detectado por Adaptive Logic
14:22:52.335,Spatial-Adaptive-v2.0,COIN38,bybit->okx,0,9487%,0,0000,RADAR,CANDIDATO,Detectado por Adaptive Logic
14:22:52.335,Spatial-Adaptive-v2.0,COIN31,kraken->binance,1,0715%,0,0000,RADAR,CANDIDATO,Detectado por Adaptive Logic
14:22:52.335,Spatial-Adaptive-v2.0,COIN29,huobi->okx,0,5345%,0,0000,RADAR,CANDIDATO,Detectado por Adaptive Logic
14:22:52.319,Spatial-Adaptive-v2.0,COIN45,huobi->okx,0,3326%,0,0000,RADAR,CANDIDATO,Detectado por Adaptive Logic
14:22:52.335,Spatial-Adaptive-v2.0,COIN38,kucoin->bybit,0,7729%,0,0000,RADAR,CANDIDATO,Detectado por Adaptive Logic
14:22:52.335,Spatial-Adaptive-v2.0,COIN31,okx->kraken,0,0252%,0,0000,RADAR,RECHAZADO,Spread menor a umbral adaptativo
14:22:52.335,Spatial-Adaptive-v2.0,COIN29,huobi->kucoin,1,4947%,0,0000,RADAR,CANDIDATO,Detectado por Adaptive Logic
14:22:52.335,Spatial-Adaptive-v2.0,COIN38,binance->okx,0,0812%,0,0000,RADAR,CANDIDATO,Detectado por Adaptive Logic
14:22:52.335,Spatial-Adaptive-v2.0,COIN45,kucoin->huobi,0,9374%,0,0000,RADAR,CANDIDATO,Detectado por Adaptive Logic
14:22:52.335,Spatial-Adaptive-v2.0,COIN31,kucoin->kraken,0,4439%,0,0000,RADAR,CANDIDATO,Detectado por Adaptive Logic
14:22:52.335,Spatial-Adaptive-v2.0,COIN29,bybit->binance,0,6227%,0,0000,RADAR,CANDIDATO,Detectado por Adaptive Logic
14:22:52.335,Spatial-Adaptive-v2.0,COIN38,kucoin->binance,1,6465%,0,0000,RADAR,CANDIDATO,Detectado por Adaptive Logic
14:22:52.335,Spatial-Adaptive-v2.0,COIN45,binance->bybit,0,1201%,0,0000,RADAR,CANDIDATO,Detectado por Adaptive Logic
14:22:52.335,Spatial-Adaptive-v2.0,COIN31,huobi->gateio,0,8809%,0,0000,RADAR,CANDIDATO,Detectado por Adaptive Logic
14:22:52.335,Spatial-Adaptive-v2.0,COIN29,okx->bybit,0,0348%,0,0000,RADAR,RECHAZADO,Spread menor a umbral adaptativo
14:22:52.335,Spatial-Adaptive-v2.0,COIN38,kucoin->okx,1,7290%,0,0000,RADAR,CANDIDATO,Detectado por Adaptive Logic
14:22:52.335,Spatial-Adaptive-v2.0,COIN45,okx->bybit,0,1700%,0,0000,RADAR,CANDIDATO,Detectado por Adaptive Logic
14:22:52.335,Spatial-Adaptive-v2.0,COIN31,bybit->gateio,1,6011%,0,0000,RADAR,CANDIDATO,Detectado por Adaptive Logic
14:22:52.336,Spatial-Adaptive-v2.0,COIN29,bybit->kucoin,0,9199%,0,0000,RADAR,CANDIDATO,Detectado por Adaptive Logic
14:22:52.320,Spatial-Adaptive-v2.0,COIN32,binance->mexc,3,1366%,0,0000,RADAR,CANDIDATO,Detectado por Adaptive Logic
14:22:52.336,Spatial-Adaptive-v2.0,COIN31,gateio->binance,0,3167%,0,0000,RADAR,CANDIDATO,Detectado por Adaptive Logic
14:22:52.336,Spatial-Adaptive-v2.0,COIN45,kucoin->bybit,1,4453%,0,0000,RADAR,CANDIDATO,Detectado por Adaptive Logic
14:22:52.336,Spatial-Adaptive-v2.0,COIN29,okx->binance,0,6577%,0,0000,RADAR,CANDIDATO,Detectado por Adaptive Logic
14:22:52.336,Spatial-Adaptive-v2.0,COIN36,gateio->huobi,0,7024%,0,0000,RADAR,CANDIDATO,Detectado por Adaptive Logic
14:22:52.336,Spatial-Adaptive-v2.0,COIN32,okx->mexc,3,8636%,0,0000,RADAR,CANDIDATO,Detectado por Adaptive Logic
14:22:52.336,Spatial-Adaptive-v2.0,COIN31,okx->gateio,0,7779%,0,0000,RADAR,CANDIDATO,Detectado por Adaptive Logic
14:22:52.336,Spatial-Adaptive-v2.0,COIN45,okx->binance,0,0498%,0,0000,RADAR,RECHAZADO,Spread menor a umbral adaptativo
14:22:52.336,Spatial-Adaptive-v2.0,COIN29,binance->kucoin,0,2954%,0,0000,RADAR,CANDIDATO,Detectado por Adaptive Logic
14:22:52.336,Spatial-Adaptive-v2.0,COIN36,gateio->bybit,1,2349%,0,0000,RADAR,CANDIDATO,Detectado por Adaptive Logic
14:22:52.336,Spatial-Adaptive-v2.0,COIN31,kucoin->gateio,1,1997%,0,0000,RADAR,CANDIDATO,Detectado por Adaptive Logic
14:22:52.336,Spatial-Adaptive-v2.0,COIN32,kucoin->mexc,3,0162%,0,0000,RADAR,CANDIDATO,Detectado por Adaptive Logic
14:22:52.336,Spatial-Adaptive-v2.0,COIN45,kucoin->binance,1,3236%,0,0000,RADAR,CANDIDATO,Detectado por Adaptive Logic
14:22:52.336,Spatial-Adaptive-v2.0,COIN29,okx->kucoin,0,9550%,0,0000,RADAR,CANDIDATO,Detectado por Adaptive Logic
14:22:52.336,Spatial-Adaptive-v2.0,COIN36,gateio->binance,3,5633%,0,0000,RADAR,CANDIDATO,Detectado por Adaptive Logic
14:22:52.320,Spatial-Adaptive-v2.0,COIN14,mexc->kucoin,1,7453%,0,0000,RADAR,CANDIDATO,Detectado por Adaptive Logic
14:22:52.336,Spatial-Adaptive-v2.0,COIN32,gateio->kraken,0,6197%,0,0000,RADAR,CANDIDATO,Detectado por Adaptive Logic
14:22:52.336,Spatial-Adaptive-v2.0,COIN31,bybit->huobi,0,7139%,0,0000,RADAR,CANDIDATO,Detectado por Adaptive Logic
14:22:52.336,Spatial-Adaptive-v2.0,COIN45,kucoin->okx,1,2731%,0,0000,RADAR,CANDIDATO,Detectado por Adaptive Logic
14:22:52.336,Spatial-Adaptive-v2.0,COIN36,gateio->okx,1,4055%,0,0000,RADAR,CANDIDATO,Detectado por Adaptive Logic
14:22:52.320,Spatial-Adaptive-v2.0,COIN47,kucoin->bybit,1,3764%,0,0000,RADAR,CANDIDATO,Detectado por Adaptive Logic
14:22:52.336,Spatial-Adaptive-v2.0,COIN14,kraken->gateio,0,5991%,0,0000,RADAR,CANDIDATO,Detectado por Adaptive Logic
14:22:52.336,Spatial-Adaptive-v2.0,COIN31,huobi->binance,1,2003%,0,0000,RADAR,CANDIDATO,Detectado por Adaptive Logic
14:22:52.336,Spatial-Adaptive-v2.0,COIN32,kraken->huobi,0,1657%,0,0000,RADAR,CANDIDATO,Detectado por Adaptive Logic
14:22:52.336,Spatial-Adaptive-v2.0,COIN36,kucoin->gateio,0,3277%,0,0000,RADAR,CANDIDATO,Detectado por Adaptive Logic
14:22:52.336,Spatial-Adaptive-v2.0,COIN31,huobi->okx,0,1021%,0,0000,RADAR,CANDIDATO,Detectado por Adaptive Logic
14:22:52.336,Spatial-Adaptive-v2.0,COIN14,kraken->huobi,0,0407%,0,0000,RADAR,RECHAZADO,Spread menor a umbral adaptativo
14:22:52.336,Spatial-Adaptive-v2.0,COIN32,bybit->kraken,0,9630%,0,0000,RADAR,CANDIDATO,Detectado por Adaptive Logic
14:22:52.336,Spatial-Adaptive-v2.0,COIN47,binance->okx,0,0484%,0,0000,RADAR,RECHAZADO,Spread menor a umbral adaptativo
14:22:52.336,Spatial-Adaptive-v2.0,COIN36,huobi->bybit,0,5288%,0,0000,RADAR,CANDIDATO,Detectado por Adaptive Logic
14:22:52.336,Spatial-Adaptive-v2.0,COIN14,bybit->kraken,0,5494%,0,0000,RADAR,CANDIDATO,Detectado por Adaptive Logic
14:22:52.336,Spatial-Adaptive-v2.0,COIN31,kucoin->huobi,0,3161%,0,0000,RADAR,CANDIDATO,Detectado por Adaptive Logic
14:22:52.336,Spatial-Adaptive-v2.0,COIN32,binance->kraken,0,1794%,0,0000,RADAR,CANDIDATO,Detectado por Adaptive Logic
14:22:52.336,Spatial-Adaptive-v2.0,COIN47,kucoin->binance,0,6589%,0,0000,RADAR,CANDIDATO,Detectado por Adaptive Logic
14:22:52.337,Spatial-Adaptive-v2.0,COIN31,bybit->binance,1,9228%,0,0000,RADAR,CANDIDATO,Detectado por Adaptive Logic
14:22:52.337,Spatial-Adaptive-v2.0,COIN14,kraken->binance,0,8885%,0,0000,RADAR,CANDIDATO,Detectado por Adaptive Logic
14:22:52.337,Spatial-Adaptive-v2.0,COIN32,okx->kraken,0,8855%,0,0000,RADAR,CANDIDATO,Detectado por Adaptive Logic
14:22:52.337,Spatial-Adaptive-v2.0,COIN47,kucoin->okx,0,7077%,0,0000,RADAR,CANDIDATO,Detectado por Adaptive Logic
14:22:52.320,Spatial-Adaptive-v2.0,COIN21,kraken->bybit,2,3709%,0,0000,RADAR,CANDIDATO,Detectado por Adaptive Logic
14:22:52.321,Spatial-Adaptive-v2.0,COIN49,gateio->okx,1,6889%,0,0000,RADAR,CANDIDATO,Detectado por Adaptive Logic
14:22:52.337,Spatial-Adaptive-v2.0,COIN14,okx->kraken,0,5183%,0,0000,RADAR,CANDIDATO,Detectado por Adaptive Logic
14:22:52.337,Spatial-Adaptive-v2.0,COIN31,bybit->okx,0,8168%,0,0000,RADAR,CANDIDATO,Detectado por Adaptive Logic
14:22:52.337,Spatial-Adaptive-v2.0,COIN32,kucoin->kraken,0,0625%,0,0000,RADAR,CANDIDATO,Detectado por Adaptive Logic
14:22:52.337,Spatial-Adaptive-v2.0,COIN21,kraken->binance,0,0579%,0,0000,RADAR,CANDIDATO,Detectado por Adaptive Logic
14:22:52.337,Spatial-Adaptive-v2.0,COIN14,kraken->kucoin,0,9979%,0,0000,RADAR,CANDIDATO,Detectado por Adaptive Logic
14:22:52.337,Spatial-Adaptive-v2.0,COIN31,bybit->kucoin,0,3966%,0,0000,RADAR,CANDIDATO,Detectado por Adaptive Logic
14:22:52.337,Spatial-Adaptive-v2.0,COIN49,kucoin->gateio,0,1015%,0,0000,RADAR,CANDIDATO,Detectado por Adaptive Logic
14:22:52.337,Spatial-Adaptive-v2.0,COIN32,gateio->huobi,0,7864%,0,0000,RADAR,CANDIDATO,Detectado por Adaptive Logic
14:22:52.337,Spatial-Adaptive-v2.0,COIN21,okx->kraken,1,1967%,0,0000,RADAR,CANDIDATO,Detectado por Adaptive Logic
14:22:52.337,Spatial-Adaptive-v2.0,COIN14,huobi->gateio,0,5582%,0,0000,RADAR,CANDIDATO,Detectado por Adaptive Logic
14:22:52.337,Spatial-Adaptive-v2.0,COIN31,okx->binance,1,0970%,0,0000,RADAR,CANDIDATO,Detectado por Adaptive Logic
14:22:52.337,Spatial-Adaptive-v2.0,COIN49,huobi->bybit,0,4572%,0,0000,RADAR,CANDIDATO,Detectado por Adaptive Logic
14:22:52.337,Spatial-Adaptive-v2.0,COIN32,bybit->gateio,0,3412%,0,0000,RADAR,CANDIDATO,Detectado por Adaptive Logic
14:22:52.337,Spatial-Adaptive-v2.0,COIN21,kucoin->kraken,1,0569%,0,0000,RADAR,CANDIDATO,Detectado por Adaptive Logic
14:22:52.337,Spatial-Adaptive-v2.0,COIN31,kucoin->binance,1,5202%,0,0000,RADAR,CANDIDATO,Detectado por Adaptive Logic
14:22:52.337,Spatial-Adaptive-v2.0,COIN14,bybit->gateio,1,1518%,0,0000,RADAR,CANDIDATO,Detectado por Adaptive Logic
14:22:52.337,Spatial-Adaptive-v2.0,COIN49,huobi->binance,0,2902%,0,0000,RADAR,CANDIDATO,Detectado por Adaptive Logic
14:22:52.337,Spatial-Adaptive-v2.0,COIN32,gateio->binance,0,4395%,0,0000,RADAR,CANDIDATO,Detectado por Adaptive Logic
14:22:52.337,Spatial-Adaptive-v2.0,COIN21,huobi->gateio,0,1290%,0,0000,RADAR,CANDIDATO,Detectado por Adaptive Logic
14:22:52.337,Spatial-Adaptive-v2.0,COIN14,gateio->binance,0,2877%,0,0000,RADAR,CANDIDATO,Detectado por Adaptive Logic
14:22:52.337,Spatial-Adaptive-v2.0,COIN31,kucoin->okx,0,4186%,0,0000,RADAR,CANDIDATO,Detectado por Adaptive Logic
14:22:52.322,Spatial-Adaptive-v2.0,XRP,kucoin->huobi,0,2485%,0,0000,RADAR,CANDIDATO,Detectado por Adaptive Logic
14:22:52.337,Spatial-Adaptive-v2.0,COIN32,okx->gateio,0,2642%,0,0000,RADAR,CANDIDATO,Detectado por Adaptive Logic
14:22:52.337,Spatial-Adaptive-v2.0,COIN49,huobi->okx,1,9178%,0,0000,RADAR,CANDIDATO,Detectado por Adaptive Logic
14:22:52.337,Spatial-Adaptive-v2.0,COIN21,gateio->bybit,2,4443%,0,0000,RADAR,CANDIDATO,Detectado por Adaptive Logic
14:22:52.337,Spatial-Adaptive-v2.0,COIN14,okx->gateio,1,1205%,0,0000,RADAR,CANDIDATO,Detectado por Adaptive Logic
14:22:52.337,Spatial-Adaptive-v2.0,COIN32,gateio->kucoin,0,5569%,0,0000,RADAR,CANDIDATO,Detectado por Adaptive Logic
14:22:52.337,Spatial-Adaptive-v2.0,COIN49,huobi->kucoin,0,1234%,0,0000,RADAR,CANDIDATO,Detectado por Adaptive Logic
14:22:52.337,Spatial-Adaptive-v2.0,XRP,bybit->binance,0,5648%,0,0000,RADAR,CANDIDATO,Detectado por Adaptive Logic
14:22:52.337,Spatial-Adaptive-v2.0,COIN21,gateio->binance,0,1296%,0,0000,RADAR,CANDIDATO,Detectado por Adaptive Logic
14:22:52.337,Spatial-Adaptive-v2.0,COIN14,gateio->kucoin,0,3965%,0,0000,RADAR,CANDIDATO,Detectado por Adaptive Logic
14:22:52.338,Spatial-Adaptive-v2.0,COIN32,bybit->huobi,1,1303%,0,0000,RADAR,CANDIDATO,Detectado por Adaptive Logic
14:22:52.338,Spatial-Adaptive-v2.0,COIN49,binance->bybit,0,1666%,0,0000,RADAR,CANDIDATO,Detectado por Adaptive Logic
14:22:52.338,Spatial-Adaptive-v2.0,XRP,bybit->okx,1,1688%,0,0000,RADAR,CANDIDATO,Detectado por Adaptive Logic
14:22:52.338,Spatial-Adaptive-v2.0,COIN21,okx->gateio,1,1242%,0,0000,RADAR,CANDIDATO,Detectado por Adaptive Logic
14:22:52.338,Spatial-Adaptive-v2.0,COIN32,binance->huobi,0,3454%,0,0000,RADAR,CANDIDATO,Detectado por Adaptive Logic
14:22:52.338,Spatial-Adaptive-v2.0,XRP,bybit->kucoin,0,6741%,0,0000,RADAR,CANDIDATO,Detectado por Adaptive Logic
14:22:52.338,Spatial-Adaptive-v2.0,COIN49,bybit->okx,1,4539%,0,0000,RADAR,CANDIDATO,Detectado por Adaptive Logic
14:22:52.338,Spatial-Adaptive-v2.0,COIN21,kucoin->gateio,0,9845%,0,0000,RADAR,CANDIDATO,Detectado por Adaptive Logic
14:22:52.338,Spatial-Adaptive-v2.0,COIN14,bybit->huobi,0,5903%,0,0000,RADAR,CANDIDATO,Detectado por Adaptive Logic
14:22:52.338,Spatial-Adaptive-v2.0,COIN32,okx->huobi,1,0527%,0,0000,RADAR,CANDIDATO,Detectado por Adaptive Logic
14:22:52.338,Spatial-Adaptive-v2.0,COIN49,kucoin->bybit,0,3334%,0,0000,RADAR,CANDIDATO,Detectado por Adaptive Logic
14:22:52.338,Spatial-Adaptive-v2.0,COIN21,huobi->bybit,2,5764%,0,0000,RADAR,CANDIDATO,Detectado por Adaptive Logic
14:22:52.323,Spatial-Adaptive-v2.0,COIN4,okx->binance,0,3496%,0,0000,RADAR,CANDIDATO,Detectado por Adaptive Logic
14:22:52.338,Spatial-Adaptive-v2.0,COIN14,huobi->binance,0,8475%,0,0000,RADAR,CANDIDATO,Detectado por Adaptive Logic
14:22:52.338,Spatial-Adaptive-v2.0,COIN32,kucoin->huobi,0,2283%,0,0000,RADAR,CANDIDATO,Detectado por Adaptive Logic
14:22:52.338,Spatial-Adaptive-v2.0,COIN21,huobi->binance,0,2587%,0,0000,RADAR,CANDIDATO,Detectado por Adaptive Logic
14:22:52.338,Spatial-Adaptive-v2.0,COIN49,binance->okx,1,6229%,0,0000,RADAR,CANDIDATO,Detectado por Adaptive Logic
14:22:52.338,Spatial-Adaptive-v2.0,COIN14,okx->huobi,0,5591%,0,0000,RADAR,CANDIDATO,Detectado por Adaptive Logic
14:22:52.335,Spatial-Adaptive-v2.0,COIN30,bybit->kucoin,1,5440%,0,0000,RADAR,CANDIDATO,Detectado por Adaptive Logic
14:22:52.338,Spatial-Adaptive-v2.0,COIN32,bybit->binance,0,7822%,0,0000,RADAR,CANDIDATO,Detectado por Adaptive Logic
14:22:52.338,Spatial-Adaptive-v2.0,COIN21,okx->huobi,0,9939%,0,0000,RADAR,CANDIDATO,Detectado por Adaptive Logic
14:22:52.338,Spatial-Adaptive-v2.0,COIN30,binance->okx,0,6295%,0,0000,RADAR,CANDIDATO,Detectado por Adaptive Logic
14:22:52.338,Spatial-Adaptive-v2.0,COIN32,bybit->okx,0,0768%,0,0000,RADAR,CANDIDATO,Detectado por Adaptive Logic
14:22:52.338,Spatial-Adaptive-v2.0,COIN21,kucoin->huobi,0,8544%,0,0000,RADAR,CANDIDATO,Detectado por Adaptive Logic
14:22:52.338,Spatial-Adaptive-v2.0,COIN14,huobi->kucoin,0,9569%,0,0000,RADAR,CANDIDATO,Detectado por Adaptive Logic
14:22:52.338,Spatial-Adaptive-v2.0,COIN30,binance->kucoin,1,4247%,0,0000,RADAR,CANDIDATO,Detectado por Adaptive Logic
14:22:52.338,Spatial-Adaptive-v2.0,COIN32,bybit->kucoin,0,9000%,0,0000,RADAR,CANDIDATO,Detectado por Adaptive Logic
14:22:52.338,Spatial-Adaptive-v2.0,COIN21,binance->bybit,2,3117%,0,0000,RADAR,CANDIDATO,Detectado por Adaptive Logic
14:22:52.338,Spatial-Adaptive-v2.0,COIN14,bybit->binance,1,4428%,0,0000,RADAR,CANDIDATO,Detectado por Adaptive Logic
14:22:52.338,Spatial-Adaptive-v2.0,COIN30,okx->kucoin,0,7902%,0,0000,RADAR,CANDIDATO,Detectado por Adaptive Logic
14:22:52.338,Spatial-Adaptive-v2.0,COIN32,okx->binance,0,7048%,0,0000,RADAR,CANDIDATO,Detectado por Adaptive Logic
14:22:52.338,Spatial-Adaptive-v2.0,COIN21,okx->bybit,3,5959%,0,0000,RADAR,CANDIDATO,Detectado por Adaptive Logic
14:22:52.324,Spatial-Adaptive-v2.0,COIN3,binance->kraken,0,8023%,0,0000,RADAR,CANDIDATO,Detectado por Adaptive Logic
14:22:52.339,Spatial-Adaptive-v2.0,COIN14,bybit->okx,0,0310%,0,0000,RADAR,RECHAZADO,Spread menor a umbral adaptativo
14:22:52.339,Spatial-Adaptive-v2.0,COIN32,binance->kucoin,0,1169%,0,0000,RADAR,CANDIDATO,Detectado por Adaptive Logic
14:22:52.339,Spatial-Adaptive-v2.0,COIN21,kucoin->bybit,3,4529%,0,0000,RADAR,CANDIDATO,Detectado por Adaptive Logic
14:22:52.339,Spatial-Adaptive-v2.0,COIN14,bybit->kucoin,1,5528%,0,0000,RADAR,CANDIDATO,Detectado por Adaptive Logic
14:22:52.339,Spatial-Adaptive-v2.0,COIN3,kraken->okx,0,3369%,0,0000,RADAR,CANDIDATO,Detectado por Adaptive Logic
14:22:52.339,Spatial-Adaptive-v2.0,COIN32,okx->kucoin,0,8225%,0,0000,RADAR,CANDIDATO,Detectado por Adaptive Logic
14:22:52.339,Spatial-Adaptive-v2.0,COIN21,okx->binance,1,2552%,0,0000,RADAR,CANDIDATO,Detectado por Adaptive Logic
14:22:52.325,Spatial-Adaptive-v2.0,COIN27,gateio->huobi,1,0201%,0,0000,RADAR,CANDIDATO,Detectado por Adaptive Logic
14:22:52.339,Spatial-Adaptive-v2.0,COIN14,okx->binance,1,4114%,0,0000,RADAR,CANDIDATO,Detectado por Adaptive Logic
14:22:52.339,Spatial-Adaptive-v2.0,COIN21,kucoin->binance,1,1154%,0,0000,RADAR,CANDIDATO,Detectado por Adaptive Logic
14:22:52.337,Spatial-Adaptive-v2.0,COIN36,huobi->binance,2,8410%,0,0000,RADAR,CANDIDATO,Detectado por Adaptive Logic
14:22:52.339,Spatial-Adaptive-v2.0,COIN21,okx->kucoin,0,1383%,0,0000,RADAR,CANDIDATO,Detectado por Adaptive Logic
14:22:52.339,Spatial-Adaptive-v2.0,COIN14,binance->kucoin,0,1084%,0,0000,RADAR,CANDIDATO,Detectado por Adaptive Logic
14:22:52.338,Spatial-Adaptive-v2.0,XRP,binance->okx,0,6006%,0,0000,RADAR,CANDIDATO,Detectado por Adaptive Logic
14:22:52.339,Spatial-Adaptive-v2.0,COIN36,huobi->okx,0,6982%,0,0000,RADAR,CANDIDATO,Detectado por Adaptive Logic
14:22:52.339,Spatial-Adaptive-v2.0,COIN3,kucoin->kraken,0,5469%,0,0000,RADAR,CANDIDATO,Detectado por Adaptive Logic
14:22:52.339,Spatial-Adaptive-v2.0,COIN14,okx->kucoin,1,5214%,0,0000,RADAR,CANDIDATO,Detectado por Adaptive Logic
14:22:52.339,Spatial-Adaptive-v2.0,XRP,binance->kucoin,0,1087%,0,0000,RADAR,CANDIDATO,Detectado por Adaptive Logic
14:22:52.339,Spatial-Adaptive-v2.0,COIN36,kucoin->huobi,1,0324%,0,0000,RADAR,CANDIDATO,Detectado por Adaptive Logic
14:22:52.339,Spatial-Adaptive-v2.0,COIN3,huobi->gateio,2,6303%,0,0000,RADAR,CANDIDATO,Detectado por Adaptive Logic
14:22:52.339,Spatial-Adaptive-v2.0,XRP,kucoin->okx,0,4914%,0,0000,RADAR,CANDIDATO,Detectado por Adaptive Logic
14:22:52.339,Spatial-Adaptive-v2.0,COIN36,bybit->binance,2,3000%,0,0000,RADAR,CANDIDATO,Detectado por Adaptive Logic
14:22:52.339,Spatial-Adaptive-v2.0,COIN3,bybit->gateio,2,9795%,0,0000,RADAR,CANDIDATO,Detectado por Adaptive Logic
14:22:52.338,Spatial-Adaptive-v2.0,COIN4,kucoin->binance,1,0412%,0,0000,RADAR,CANDIDATO,Detectado por Adaptive Logic
14:22:52.339,Spatial-Adaptive-v2.0,COIN36,bybit->okx,0,1685%,0,0000,RADAR,CANDIDATO,Detectado por Adaptive Logic
14:22:52.339,Spatial-Adaptive-v2.0,COIN27,gateio->bybit,1,1474%,0,0000,RADAR,CANDIDATO,Detectado por Adaptive Logic
14:22:52.340,Spatial-Adaptive-v2.0,COIN4,kucoin->okx,0,6892%,0,0000,RADAR,CANDIDATO,Detectado por Adaptive Logic
14:22:52.340,Spatial-Adaptive-v2.0,COIN3,binance->gateio,3,6639%,0,0000,RADAR,CANDIDATO,Detectado por Adaptive Logic
14:22:52.340,Spatial-Adaptive-v2.0,COIN36,kucoin->bybit,1,5667%,0,0000,RADAR,CANDIDATO,Detectado por Adaptive Logic
14:22:52.340,Spatial-Adaptive-v2.0,COIN27,gateio->binance,1,3188%,0,0000,RADAR,CANDIDATO,Detectado por Adaptive Logic
14:22:52.340,Spatial-Adaptive-v2.0,COIN3,okx->gateio,2,4936%,0,0000,RADAR,CANDIDATO,Detectado por Adaptive Logic
14:22:52.340,Spatial-Adaptive-v2.0,COIN36,okx->binance,2,1279%,0,0000,RADAR,CANDIDATO,Detectado por Adaptive Logic
14:22:52.340,Spatial-Adaptive-v2.0,COIN27,gateio->okx,1,0605%,0,0000,RADAR,CANDIDATO,Detectado por Adaptive Logic
14:22:52.340,Spatial-Adaptive-v2.0,COIN3,kucoin->gateio,3,4013%,0,0000,RADAR,CANDIDATO,Detectado por Adaptive Logic
14:22:52.340,Spatial-Adaptive-v2.0,COIN27,gateio->kucoin,1,0983%,0,0000,RADAR,CANDIDATO,Detectado por Adaptive Logic
14:22:52.340,Spatial-Adaptive-v2.0,COIN36,kucoin->binance,3,9027%,0,0000,RADAR,CANDIDATO,Detectado por Adaptive Logic
14:22:52.340,Spatial-Adaptive-v2.0,COIN27,huobi->bybit,0,1260%,0,0000,RADAR,CANDIDATO,Detectado por Adaptive Logic
14:22:52.340,Spatial-Adaptive-v2.0,COIN3,bybit->huobi,0,3403%,0,0000,RADAR,CANDIDATO,Detectado por Adaptive Logic
14:22:52.340,Spatial-Adaptive-v2.0,COIN36,kucoin->okx,1,7378%,0,0000,RADAR,CANDIDATO,Detectado por Adaptive Logic
14:22:52.340,Spatial-Adaptive-v2.0,COIN3,binance->huobi,1,0071%,0,0000,RADAR,CANDIDATO,Detectado por Adaptive Logic
14:22:52.340,Spatial-Adaptive-v2.0,COIN27,huobi->binance,0,2957%,0,0000,RADAR,CANDIDATO,Detectado por Adaptive Logic
14:22:52.340,Spatial-Adaptive-v2.0,COIN49,kucoin->binance,0,1666%,0,0000,RADAR,CANDIDATO,Detectado por Adaptive Logic
14:22:52.340,Spatial-Adaptive-v2.0,COIN3,huobi->okx,0,1334%,0,0000,RADAR,CANDIDATO,Detectado por Adaptive Logic
14:22:52.340,Spatial-Adaptive-v2.0,COIN27,huobi->okx,0,0399%,0,0000,RADAR,RECHAZADO,Spread menor a umbral adaptativo
14:22:52.340,Spatial-Adaptive-v2.0,COIN27,huobi->kucoin,0,0774%,0,0000,RADAR,CANDIDATO,Detectado por Adaptive Logic
14:22:52.340,Spatial-Adaptive-v2.0,COIN49,kucoin->okx,1,7922%,0,0000,RADAR,CANDIDATO,Detectado por Adaptive Logic
14:22:52.340,Spatial-Adaptive-v2.0,COIN3,kucoin->huobi,0,7512%,0,0000,RADAR,CANDIDATO,Detectado por Adaptive Logic
14:22:52.341,Spatial-Adaptive-v2.0,COIN3,binance->bybit,0,6646%,0,0000,RADAR,CANDIDATO,Detectado por Adaptive Logic
14:22:52.341,Spatial-Adaptive-v2.0,COIN27,bybit->binance,0,1695%,0,0000,RADAR,CANDIDATO,Detectado por Adaptive Logic
14:22:52.341,Spatial-Adaptive-v2.0,COIN27,okx->bybit,0,0860%,0,0000,RADAR,CANDIDATO,Detectado por Adaptive Logic
14:22:52.341,Spatial-Adaptive-v2.0,COIN3,bybit->okx,0,4741%,0,0000,RADAR,CANDIDATO,Detectado por Adaptive Logic
14:22:52.341,Spatial-Adaptive-v2.0,COIN27,kucoin->bybit,0,0486%,0,0000,RADAR,RECHAZADO,Spread menor a umbral adaptativo
14:22:52.341,Spatial-Adaptive-v2.0,COIN3,kucoin->bybit,0,4096%,0,0000,RADAR,CANDIDATO,Detectado por Adaptive Logic
14:22:52.341,Spatial-Adaptive-v2.0,COIN27,okx->binance,0,2557%,0,0000,RADAR,CANDIDATO,Detectado por Adaptive Logic
14:22:52.341,Spatial-Adaptive-v2.0,COIN3,binance->okx,1,1419%,0,0000,RADAR,CANDIDATO,Detectado por Adaptive Logic
14:22:52.341,Spatial-Adaptive-v2.0,COIN3,binance->kucoin,0,2539%,0,0000,RADAR,CANDIDATO,Detectado por Adaptive Logic
14:22:52.341,Spatial-Adaptive-v2.0,COIN27,kucoin->binance,0,2181%,0,0000,RADAR,CANDIDATO,Detectado por Adaptive Logic
14:22:52.341,Spatial-Adaptive-v2.0,COIN27,okx->kucoin,0,0374%,0,0000,RADAR,RECHAZADO,Spread menor a umbral adaptativo
14:22:52.341,Spatial-Adaptive-v2.0,COIN3,kucoin->okx,0,8857%,0,0000,RADAR,CANDIDATO,Detectado por Adaptive Logic
